Player,Age,Team,Pos,GP,G,A,PTS,+/-,PIM,EVG,PPG,SHG,GWG,EV,PP,SH,SOG,SPCT,TOI,ATOI,Awards
Mario Lemieux,23,PIT,C,76,85,114,199,41,100,41,31,13,8,61,48,5,313,27.2,,,"ASG,ASnhl-1,Hart-2,Ross-1"
Wayne Gretzky,28,LAK,C,78,54,114,168,15,26,38,11,5,5,62,42,10,303,17.8,,,"ASG,ASnhl-2,Byng-2,Hart-1"
Steve Yzerman,23,DET,C,80,65,90,155,17,61,45,17,3,7,56,29,5,388,16.8,,,"ASG,ASnhl-3,Byng-8,Hart-3,Selke-11,Pearson-1"
Bernie Nicholls,27,LAK,C,79,70,80,150,30,96,41,21,8,6,46,28,6,385,18.2,,,"ASG,ASnhl-4,ASnhl-8,Byng-14"
Rob Brown,20,PIT,RW,68,49,66,115,27,118,25,24,0,6,43,23,0,169,29.0,,,"ASG,ASnhl-3,ASnhl-8"
Paul Coffey,27,PIT,D,75,30,83,113,-10,195,19,11,0,2,30,53,0,342,8.8,,,"ASG,ASnhl-2,Norris-2"
Joe Mullen,31,CGY,RW,79,51,59,110,51,16,37,13,1,7,31,27,1,270,18.9,,,"ASG,ASnhl-1,Byng-1,Hart-5"
Jari Kurri,28,EDM,RW,76,44,58,102,19,69,29,10,5,8,36,16,6,214,20.6,,,"ASG,ASnhl-2,Byng-7,Selke-10"
Jimmy Carson,20,EDM,C,80,49,51,100,3,36,30,19,0,5,35,16,0,240,20.4,,,"ASG,Byng-4"
Luc Robitaille,22,LAK,LW,78,46,52,98,5,65,36,10,0,4,38,14,0,237,19.4,,,"ASG,ASnhl-1"
Dale Hawerchuk,25,WIN,C,75,41,55,96,-30,28,24,14,3,4,30,24,1,239,17.2,,,Byng-10
Mark Messier,28,EDM,C,72,33,61,94,-5,130,21,6,6,4,27,28,6,164,20.1,,,ASG
Dan Quinn,23,PIT,C,79,34,60,94,-37,102,18,16,0,4,28,31,1,200,17.0,,,
Gerard Gallant,25,DET,LW,76,39,54,93,7,230,26,13,0,7,33,21,0,221,17.6,,,"ASnhl-2,Selke-21"
Eddie Olczyk,22,TOR,C,80,38,52,90,0,75,25,11,2,4,34,17,1,249,15.3,,,
Kevin Dineen,25,HAR,RW,79,45,44,89,-6,167,24,20,1,4,27,17,0,294,15.3,,,"ASG,ASnhl-4"
Mike Ridley,25,WSH,C,80,41,48,89,17,49,25,16,0,9,33,15,0,187,21.9,,,"ASG,Byng-15,Selke-20"
Tim Kerr,29,PHI,RW,69,48,40,88,-4,73,23,25,0,2,21,19,0,236,20.3,,,ASnhl-7
Pat LaFontaine,23,NYI,C,79,45,43,88,-8,26,29,16,0,4,24,19,0,288,15.6,,,"ASG,Byng-5"
Tomas Sandström,24,NYR,RW,79,32,56,88,5,148,19,11,2,4,34,21,1,240,13.3,,,ASnhl-7
Thomas Steen,28,WIN,C,80,27,61,88,14,80,17,9,1,2,39,18,4,173,15.6,,,"Byng-21,Selke-8"
Pierre Turgeon,19,BUF,C,80,34,54,88,-2,26,15,19,0,5,33,20,1,182,18.7,,,Byng-15
Steve Larmer,27,CHI,RW,80,43,44,87,2,54,23,19,1,2,17,18,9,269,16.0,,,"ASnhl-9,Selke-17"
John MacLean,24,NJD,RW,74,42,45,87,26,122,28,14,0,4,29,16,0,266,15.8,,,"ASG,ASnhl-8"
Doug Gilmour,25,CGY,C,72,26,59,85,45,44,15,11,0,5,41,15,3,161,16.1,,,"Byng-21,Selke-6"
Håkan Loob,28,CGY,RW,79,27,58,85,28,44,22,5,0,4,37,20,1,223,12.1,,,ASnhl-10
Peter Šťastný,32,QUE,C,72,35,50,85,-23,117,22,13,0,5,25,24,1,195,17.9,,,
Brett Hull,24,STL,RW,78,41,43,84,-17,33,25,16,0,6,17,26,0,305,13.4,,,ASG
Mats Näslund,29,MTL,LW,77,33,51,84,34,14,19,14,0,4,39,12,0,165,20.0,,,"ASnhl-3,Byng-3,Selke-17"
Bobby Smith,30,MTL,C,80,32,51,83,25,69,26,6,0,3,27,24,0,195,16.4,,,"ASG,Selke-21"
Joe Nieuwendyk,22,CGY,C,77,51,31,82,26,40,29,19,3,11,23,8,0,215,23.7,,,ASG
Denis Savard,27,CHI,C,58,23,59,82,-5,110,11,7,5,1,28,30,1,182,12.6,,,
Rick Tocchet,24,PHI,RW,66,45,36,81,-1,183,28,16,1,5,24,12,0,220,20.5,,,"ASG,ASnhl-5"
Geoff Courtnall,26,WSH,LW,79,42,38,80,11,110,26,16,0,6,19,19,0,239,17.6,,,ASnhl-4
Dave Gagner,24,MNS,C,75,35,43,78,13,104,21,11,3,3,26,16,1,183,19.1,,,
Dirk Graham,29,CHI,RW,80,33,45,78,8,91,18,5,10,5,37,7,1,217,15.2,,,"ASnhl-11,Selke-7"
Adam Oates,26,DET,C,69,16,62,78,-1,14,14,2,0,1,39,23,0,127,12.6,,,Byng-9
Brian Propp,29,PHI,LW,77,32,46,78,16,37,17,13,2,5,23,20,3,245,13.1,,,
Esa Tikkanen,24,EDM,LW,67,31,47,78,10,92,17,6,8,4,28,16,3,151,20.5,,,"ASnhl-5,Selke-2"
Ron Francis,25,HAR,C,69,29,48,77,4,36,21,8,0,4,27,21,0,156,18.6,,,
Andrew McBain,24,WIN,RW,80,37,40,77,-35,71,16,20,1,3,22,15,3,180,20.6,,,
Carey Wilson,26,2TM,C,75,32,45,77,-11,59,18,14,0,5,26,19,0,164,19.5,,,
Carey Wilson,26,HAR,C,34,11,11,22,-12,14,7,4,0,2,7,4,0,56,19.6,,,
Carey Wilson,26,NYR,C,41,21,34,55,1,45,11,10,0,3,19,15,0,108,19.4,,,
Ray Ferraro,24,HAR,C,80,41,35,76,1,86,30,11,0,7,28,7,0,169,24.3,,,
Craig Simpson,21,EDM,LW,66,35,41,76,-3,80,18,17,0,4,27,14,0,121,28.9,,,ASnhl-6
Steve Duchesne,23,LAK,D,79,25,50,75,31,92,12,8,5,2,33,16,1,215,11.6,,,"ASG,ASnhl-5,Norris-5"
Gary Leeman,24,TOR,RW,61,32,43,75,5,66,24,7,1,3,26,16,1,195,16.4,,,ASG
Cam Neely,23,BOS,RW,74,37,38,75,14,190,19,18,0,6,29,9,0,235,15.7,,,"ASG,ASnhl-6"
Walt Poddubny,28,QUE,RW,72,38,37,75,-18,107,24,14,0,2,20,16,1,197,19.3,,,ASG
Al MacInnis,25,CGY,D,79,16,58,74,38,136,8,8,0,3,20,37,1,277,5.8,,,"ASnhl-3,Norris-3"
Kirk Muller,22,NJD,LW,80,31,43,74,-23,119,18,12,1,4,32,10,1,182,17.0,,,
Dino Ciccarelli,28,2TM,RW,76,44,30,74,-6,76,28,16,0,8,19,11,0,247,17.8,,,ASG
Dino Ciccarelli,28,MNS,RW,65,32,27,59,-16,64,19,13,0,5,17,10,0,208,15.4,,,
Dino Ciccarelli,28,WSH,RW,11,12,3,15,10,12,9,3,0,3,2,1,0,39,30.8,,,
Chris Chelios,27,MTL,D,80,15,58,73,35,185,7,8,0,6,27,30,1,206,7.3,,,"ASnhl-1,Hart-5,Norris-1"
Ken Linseman,30,BOS,C,78,27,45,72,15,164,13,13,1,2,23,19,3,159,17.0,,,
Brian Leetch,20,NYR,D,68,23,48,71,8,50,12,8,3,1,24,23,1,268,8.6,,,"ASnhl-7,AR-1,Byng-21,Calder-1,Norris-11"
Paul MacLean,30,DET,RW,76,36,35,71,7,118,20,16,0,5,29,6,0,148,24.3,,,
Phil Housley,24,BUF,D,72,26,44,70,6,47,21,5,0,3,17,26,1,178,14.6,,,"ASG,ASnhl-8,Byng-21,Norris-9"
Peter Zezel,23,2TM,C,78,21,49,70,-14,42,15,5,1,4,32,17,0,149,14.1,,,
Peter Zezel,23,PHI,C,26,4,13,17,-13,15,4,0,0,0,8,5,0,34,11.8,,,
Peter Zezel,23,STL,C,52,17,36,53,-1,27,11,5,1,4,24,12,0,115,14.8,,,
Pelle Eklund,25,PHI,LW,79,18,51,69,5,23,9,8,1,2,17,32,2,121,14.9,,,
Bengt-Åke Gustafsson,30,WSH,RW,72,18,51,69,13,18,9,5,4,6,31,19,1,107,16.8,,,"Byng-6,Selke-5"
Patrik Sundström,27,NJD,C,65,28,41,69,22,36,15,12,1,4,27,14,0,156,17.9,,,Selke-16
Mike Gartner,29,2TM,RW,69,33,36,69,11,73,24,9,0,1,27,9,0,223,14.8,,,
Mike Gartner,29,WSH,RW,56,26,29,55,8,71,20,6,0,1,22,7,0,190,13.7,,,
Mike Gartner,29,MNS,RW,13,7,7,14,3,2,4,3,0,0,5,2,0,33,21.2,,,
Brent Ashton,28,WIN,LW,75,31,37,68,-5,36,23,7,1,1,28,9,0,180,17.2,,,
Jeff Brown,22,QUE,D,78,21,47,68,-22,62,7,13,1,1,13,33,1,276,7.6,,,
Vincent Damphousse,21,TOR,LW,80,26,42,68,-8,75,20,6,0,4,33,9,0,190,13.7,,,
Scott Stevens,24,WSH,D,80,7,61,68,1,225,1,6,0,3,28,33,0,195,3.6,,,"ASG,ASnhl-11,Norris-10"
Bernie Federko,32,STL,C,66,22,45,67,-20,54,13,9,0,6,25,20,0,115,19.1,,,Byng-15
Tom Fergus,26,TOR,C,80,22,45,67,-38,48,11,10,1,3,26,16,3,151,14.6,,,
Tom Kurvers,26,NJD,D,74,16,50,66,11,38,11,5,0,0,21,28,1,190,8.4,,,ASnhl-20
Petri Skriko,26,VAN,LW,74,30,36,66,-3,57,21,9,0,5,16,18,2,204,14.7,,,
Dave Christian,29,WSH,C,80,34,31,65,2,12,17,16,1,1,21,9,1,177,19.2,,,Byng-21
Mike Bullard,27,2TM,C,74,27,38,65,2,106,17,10,0,3,25,13,0,189,14.3,,,
Mike Bullard,27,STL,C,20,4,12,16,1,46,2,2,0,0,8,4,0,52,7.7,,,
Mike Bullard,27,PHI,C,54,23,26,49,1,60,15,8,0,3,17,9,0,137,16.8,,,
Glenn Anderson,28,EDM,RW,79,16,48,64,-16,93,9,7,0,3,35,11,2,212,7.5,,,
Michel Goulet,28,QUE,LW,69,26,38,64,-20,67,15,11,0,2,25,13,0,162,16.0,,,
Brian Mullen,26,NYR,LW,78,29,35,64,7,60,18,8,3,5,24,9,2,217,13.4,,,ASG
John Tonelli,31,LAK,LW,77,31,33,64,9,110,29,1,1,3,25,7,1,156,19.9,,,"ASnhl-12,Selke-21"
Tony Granato,24,NYR,LW,78,36,27,63,17,140,28,4,4,3,23,3,1,234,15.4,,,"AR-1,Calder-3"
Brent Sutter,26,NYI,C,77,29,34,63,-12,77,10,17,2,2,19,15,0,187,15.5,,,
Dave Taylor,33,LAK,RW,70,26,37,63,10,80,19,7,0,4,29,8,0,141,18.4,,,
Craig Janney,21,BOS,C,62,16,46,62,20,12,14,2,0,2,28,18,0,95,16.8,,,"Byng-19,Calder-5"
Kelly Kisio,29,NYR,C,70,26,36,62,14,91,24,2,0,4,29,7,0,128,20.3,,,
Mike Krushelnyski,28,LAK,LW,78,26,36,62,9,110,21,5,0,8,31,5,0,143,18.2,,,ASnhl-8
Fredrik Olausson,22,WIN,D,75,15,47,62,6,32,11,4,0,1,26,19,2,178,8.4,,,ASnhl-20
Joe Sakic,19,QUE,C,70,23,39,62,-36,24,13,10,0,2,17,21,1,148,15.5,,,Calder-8
Gary Suter,24,CGY,D,63,13,49,62,26,78,5,8,0,1,15,33,1,216,6.0,,,"ASG,ASnhl-10,Norris-7"
Doug Wilson,31,CHI,D,66,15,47,62,8,69,10,4,1,3,16,31,0,248,6.0,,,"ASnhl-16,Byng-15"
Ray Bourque,28,BOS,D,60,18,43,61,20,52,12,6,0,0,22,21,0,243,7.4,,,"ASG,ASnhl-4,Norris-4"
Randy Burridge,23,BOS,LW,80,31,30,61,19,39,23,6,2,6,21,8,1,189,16.4,,,ASnhl-12
Stéphane Richer,22,MTL,RW,68,25,35,60,4,61,14,11,0,6,21,14,0,214,11.7,,,
Christian Ruuttu,24,BUF,C,67,14,46,60,13,98,9,5,0,1,32,13,1,149,9.4,,,
Dave Barr,28,DET,RW,73,27,32,59,12,69,20,5,2,3,27,4,1,140,19.3,,,
Aaron Broten,28,NJD,C,80,16,43,59,-7,81,12,4,0,2,22,21,0,178,9.0,,,
Trevor Linden,18,VAN,RW,80,30,29,59,-10,41,19,10,1,2,21,8,0,186,16.1,,,"AR-1,Calder-2"
David Volek,22,NYI,LW,77,25,34,59,-11,24,16,9,0,7,17,17,0,229,10.9,,,AR-1
Scott Young,21,HAR,RW,76,19,40,59,-21,27,13,6,0,2,17,23,0,203,9.4,,,
Bob Errey,24,PIT,LW,76,26,32,58,40,124,23,0,3,5,26,0,6,130,20.0,,,
Dale Hunter,28,WSH,C,80,20,37,57,-3,219,11,9,0,3,23,14,0,138,14.5,,,
Paul Reinhart,29,VAN,D,64,7,50,57,-4,44,4,3,0,1,14,36,0,133,5.3,,,"ASG,ASnhl-20,Byng-21,Norris-12"
Rick Vaive,29,2TM,RW,58,31,26,57,2,124,15,16,0,4,12,14,0,138,22.5,,,
Rick Vaive,29,CHI,RW,30,12,13,25,-5,60,3,9,0,1,5,8,0,57,21.1,,,
Rick Vaive,29,BUF,RW,28,19,13,32,7,64,12,7,0,3,7,6,0,81,23.5,,,
Neal Broten,29,MNS,C,68,18,38,56,1,57,9,4,5,1,20,15,3,160,11.3,,,
Guy Carbonneau,28,MTL,C,79,26,30,56,37,44,23,1,2,10,25,3,2,142,18.3,,,Selke-1
Dave Ellett,24,WIN,D,75,22,34,56,-18,62,11,9,2,5,11,23,0,209,10.5,,,ASG
Cliff Ronning,23,STL,C,64,24,31,55,3,18,8,16,0,1,15,16,0,150,16.0,,,
Marc Habscheid,25,MNS,RW,76,23,31,54,2,40,13,7,3,3,12,17,2,182,12.6,,,
Jiří Hrdina,31,CGY,C,70,22,32,54,19,26,16,6,0,2,19,13,0,147,15.0,,,Calder-9
Dave Manson,22,CHI,D,79,18,36,54,5,352,9,8,1,0,18,18,0,224,8.0,,,ASG
Daniel Marois,20,TOR,RW,76,31,23,54,-4,76,24,7,0,4,21,2,0,146,21.2,,,Calder-6
Glen Wesley,20,BOS,D,77,19,35,54,23,61,10,8,1,1,16,18,1,181,10.5,,,ASG
Joel Otto,27,CGY,C,72,23,30,53,12,213,11,10,2,2,18,11,1,123,18.7,,,Selke-11
Dave Andreychuk,25,BUF,LW,56,28,24,52,0,40,21,7,0,3,12,12,0,145,19.3,,,
Craig MacTavish,30,EDM,C,80,21,31,52,10,55,15,2,4,2,23,2,6,120,17.5,,,
Greg Paslawski,27,STL,RW,75,26,26,52,8,18,18,8,0,3,21,5,0,179,14.5,,,
Doug Bodger,22,2TM,D,71,8,44,52,15,59,2,6,0,1,18,25,1,156,5.1,,,
Doug Bodger,22,PIT,D,10,1,4,5,6,7,1,0,0,0,2,2,0,22,4.5,,,
Doug Bodger,22,BUF,D,61,7,40,47,9,52,1,6,0,1,16,23,1,134,5.2,,,
Pat Elynuik,21,WIN,RW,56,26,25,51,5,29,21,5,0,6,20,5,0,100,26.0,,,
Claude Lemieux,23,MTL,RW,69,29,22,51,14,136,22,7,0,3,17,5,0,220,13.2,,,
Troy Murray,26,CHI,C,79,21,30,51,0,113,14,5,2,2,17,11,2,156,13.5,,,
Brian Bellows,24,MNS,LW,60,23,27,50,-14,55,16,7,0,4,13,14,0,196,11.7,,,
Shayne Corson,22,MTL,C,80,26,24,50,-1,193,16,10,0,3,15,9,0,133,19.5,,,
Scott Mellanby,22,PHI,RW,76,21,29,50,-13,183,10,11,0,3,19,10,0,202,10.4,,,
Brendan Shanahan,20,NJD,LW,68,22,28,50,2,115,13,9,0,0,20,8,0,152,14.5,,,
Steve Kasper,27,2TM,C,78,19,31,50,-2,63,12,5,2,2,25,6,0,130,14.6,,,Selke-15
Steve Kasper,27,BOS,C,49,10,16,26,-2,49,8,2,0,0,14,2,0,82,12.2,,,
Steve Kasper,27,LAK,C,29,9,15,24,0,14,4,3,2,2,11,4,0,48,18.8,,,
John Cullen,24,PIT,C,79,12,37,49,-25,112,4,8,0,0,20,17,0,121,9.9,,,
Mike Foligno,30,BUF,RW,75,27,22,49,-7,156,16,11,0,5,17,4,1,144,18.8,,,
Bob Joyce,22,BOS,LW,77,18,31,49,8,46,11,7,0,3,24,7,0,142,12.7,,,
Tony Tanti,25,VAN,LW,77,24,25,49,-10,69,16,8,0,3,14,11,0,211,11.4,,,
Ron Sutter,25,PHI,C,55,26,22,48,25,80,21,4,1,2,21,1,0,106,24.5,,,Selke-14
Dave Babych,27,HAR,D,70,6,41,47,-5,54,2,4,0,2,16,25,0,172,3.5,,,
Steve Chiasson,21,DET,D,65,12,35,47,-6,149,5,5,2,0,22,11,2,187,6.4,,,
James Patrick,25,NYR,D,68,11,36,47,3,41,5,6,0,2,12,23,1,147,7.5,,,
Pat Verbeek,24,NJD,RW,77,26,21,47,-18,189,17,9,0,1,15,6,0,175,14.9,,,
Shawn Burr,22,DET,LW,79,19,27,46,5,78,14,1,4,2,23,2,2,149,12.8,,,
Mark Osborne,27,TOR,LW,75,16,30,46,-5,112,11,5,0,1,25,5,0,118,13.6,,,
Larry Murphy,27,2TM,D,78,11,35,46,0,82,5,6,0,1,15,20,0,160,6.9,,,
Larry Murphy,27,WSH,D,65,7,29,36,-5,70,4,3,0,0,13,16,0,129,5.4,,,
Larry Murphy,27,MNS,D,13,4,6,10,5,12,1,3,0,1,2,4,0,31,12.9,,,
Adam Creighton,23,2TM,LW,67,22,24,46,-9,136,11,11,0,4,14,10,0,155,14.2,,,
Adam Creighton,23,BUF,LW,24,7,10,17,-5,44,4,3,0,1,5,5,0,42,16.7,,,
Adam Creighton,23,CHI,LW,43,15,14,29,-4,92,7,8,0,3,9,5,0,113,13.3,,,
Brian Bradley,24,VAN,C,71,18,27,45,-5,42,12,6,0,3,23,4,0,151,11.9,,,
Tony Hrkac,22,STL,LW,70,17,28,45,-10,8,12,5,0,1,14,13,1,133,12.8,,,
Guy Lafleur,37,NYR,RW,67,18,27,45,1,12,12,6,0,2,17,10,0,122,14.8,,,Byng-10
Mikko Mäkelä,23,NYI,LW,76,17,28,45,-16,22,13,4,0,0,21,7,0,123,13.8,,,
Petr Svoboda,22,MTL,D,71,8,37,45,28,147,4,4,0,1,23,14,0,131,6.1,,,ASnhl-13
Bryan Trottier,32,NYI,C,73,17,28,45,-7,44,12,5,0,3,19,9,0,163,10.4,,,Clancy-1
Zarley Zalapski,20,PIT,D,58,12,33,45,9,57,6,5,1,2,10,23,0,95,12.6,,,AR-1
Randy Carlyle,32,WIN,D,78,6,38,44,-19,78,4,2,0,2,17,18,3,124,4.8,,,
Randy Cunneyworth,27,PIT,LW,70,25,19,44,-22,156,15,10,0,1,14,5,0,163,15.3,,,Selke-21
Iain Duncan,25,WIN,LW,57,14,30,44,-17,74,13,1,0,0,17,13,0,91,15.4,,,
Benoît Hogue,22,BUF,LW,69,14,30,44,-5,120,11,1,2,0,25,4,1,114,12.3,,,
Charlie Huddy,29,EDM,D,76,11,33,44,0,52,4,5,2,0,17,15,1,178,6.2,,,ASnhl-16
Paul MacDermid,25,HAR,RW,74,17,27,44,1,141,12,5,0,3,21,6,0,113,15.0,,,
John Tucker,24,BUF,C,60,13,31,44,-5,31,10,3,0,1,23,8,0,94,13.8,,,
Brian MacLellan,30,2TM,LW,72,18,26,44,3,118,11,7,0,0,18,8,0,137,13.1,,,
Brian MacLellan,30,MNS,LW,60,16,23,39,0,104,9,7,0,0,16,7,0,114,14.0,,,
Brian MacLellan,30,CGY,LW,12,2,3,5,3,14,2,0,0,0,2,1,0,23,8.7,,,
Phil Bourque,26,PIT,LW,80,17,26,43,-22,97,10,5,2,3,13,13,0,153,11.1,,,
Terry Carkner,22,PHI,D,78,11,32,43,-6,149,8,2,1,1,17,13,2,84,13.1,,,
Gino Cavallini,26,STL,LW,74,20,23,43,2,79,19,1,0,4,19,4,0,153,13.1,,,
Ulf Dahlén,22,NYR,RW,56,24,19,43,-6,50,16,8,0,1,13,6,0,147,16.3,,,
Derek King,21,NYI,LW,60,14,29,43,10,14,10,4,0,0,21,8,0,103,13.6,,,
Ray Sheppard,22,BUF,RW,67,22,21,43,-7,15,15,7,0,4,13,8,0,147,15.0,,,
Tomas Jonsson,28,2TM,D,73,10,33,43,-25,56,4,5,1,1,8,25,0,149,6.7,,,
Tomas Jonsson,28,NYI,D,53,9,23,32,-13,34,4,4,1,1,6,17,0,103,8.7,,,
Tomas Jonsson,28,EDM,D,20,1,10,11,-12,22,0,1,0,0,2,8,0,46,2.2,,,
Brian Lawton,23,2TM,LW,65,17,26,43,-11,67,7,10,0,2,16,10,0,128,13.3,,,
Brian Lawton,23,NYR,LW,30,7,10,17,-2,39,4,3,0,0,8,2,0,58,12.1,,,
Brian Lawton,23,HAR,LW,35,10,16,26,-9,28,3,7,0,2,8,8,0,70,14.3,,,
Tony McKegney,30,STL,RW,71,25,17,42,-1,58,18,7,0,2,13,4,0,154,16.2,,,
Lee Norwood,28,DET,D,66,10,32,42,6,100,5,4,1,0,16,14,2,97,10.3,,,
John Ogrodnick,29,NYR,LW,60,13,29,42,0,14,12,1,0,1,28,0,1,149,8.7,,,
Scott Arniel,26,BUF,LW,80,18,23,41,10,46,16,0,2,3,21,2,0,122,14.8,,,
Iiro Järvi,23,QUE,RW,75,11,30,41,-13,40,10,1,0,1,22,7,1,109,10.1,,,
Petr Klíma,24,DET,LW,51,25,16,41,5,44,24,1,0,3,15,1,0,145,17.2,,,
Mike McPhee,28,MTL,LW,73,19,22,41,14,74,17,1,1,1,18,3,1,154,12.3,,,"ASG,Selke-21"
Robert Nordmark,26,VAN,D,80,6,35,41,-4,97,1,5,0,1,6,29,0,156,3.8,,,
Barry Pederson,27,VAN,C,62,15,26,41,5,22,7,7,1,0,21,4,1,98,15.3,,,
Brian Skrudland,25,MTL,C,71,12,29,41,22,84,10,1,1,5,26,2,1,98,12.2,,,Selke-21
Dave Tippett,27,HAR,LW,80,17,24,41,-6,45,14,1,2,1,22,2,0,165,10.3,,,
Russ Courtnall,23,2TM,RW,73,23,18,41,9,19,15,7,1,3,16,2,0,147,15.6,,,
Russ Courtnall,23,TOR,RW,9,1,1,2,-2,4,0,0,1,0,1,0,0,11,9.1,,,
Russ Courtnall,23,MTL,RW,64,22,17,39,11,15,15,7,0,3,15,2,0,136,16.2,,,
John Anderson,31,HAR,LW,62,16,24,40,15,28,15,1,0,0,17,7,0,132,12.1,,,
Paul Gillis,25,QUE,C,79,15,25,40,-14,163,10,5,0,1,17,4,4,97,15.5,,,
Kevin Hatcher,22,WSH,D,62,13,27,40,19,101,10,3,0,2,10,16,1,148,8.8,,,ASnhl-14
Greg Hawgood,20,BOS,D,56,16,24,40,4,84,11,5,0,0,11,12,1,132,12.1,,,Calder-7
Kelly Miller,25,WSH,LW,78,19,21,40,13,45,16,2,1,3,18,2,1,121,15.7,,,
Wayne Presley,23,CHI,RW,72,21,19,40,-3,100,14,4,3,4,13,6,0,132,15.9,,,
Jim Sandlak,22,VAN,RW,72,20,20,40,8,99,11,9,0,4,14,6,0,164,12.2,,,
Steve Thomas,25,CHI,LW,45,21,19,40,-2,69,13,8,0,0,13,5,1,124,16.9,,,
Bobby Carpenter,25,2TM,LW,57,16,24,40,7,26,12,4,0,3,18,6,0,137,11.7,,,
Bobby Carpenter,25,LAK,LW,39,11,15,26,3,16,8,3,0,1,11,4,0,91,12.1,,,
Bobby Carpenter,25,BOS,LW,18,5,9,14,4,10,4,1,0,2,7,2,0,46,10.9,,,
Marc Fortier,22,QUE,C,57,20,19,39,-18,45,16,2,2,2,12,6,1,90,22.2,,,
Keith Acton,30,2TM,C,71,14,25,39,10,111,12,0,2,1,25,0,0,112,12.5,,,
Keith Acton,30,EDM,C,46,11,15,26,9,47,10,0,1,1,15,0,0,74,14.9,,,
Keith Acton,30,PHI,C,25,3,10,13,1,64,2,0,1,0,10,0,0,38,7.9,,,
Mark Howe,33,PHI,D,52,9,29,38,7,45,3,5,1,1,14,13,2,95,9.5,,,
Mark Johnson,31,NJD,C,40,13,25,38,-1,24,9,4,0,2,15,10,0,95,13.7,,,
Alan Kerr,24,NYI,RW,71,20,18,38,-5,144,14,6,0,4,17,1,0,147,13.6,,,
Colin Patterson,28,CGY,LW,74,14,24,38,44,56,14,0,0,1,20,0,4,103,13.6,,,Selke-2
Jim Peplinski,28,CGY,LW,79,13,25,38,6,241,13,0,0,2,25,0,0,103,12.6,,,
Gary Roberts,22,CGY,LW,71,22,16,38,32,250,21,0,1,2,16,0,0,123,17.9,,,
Reed Larson,32,3TM,D,54,9,29,38,-10,68,2,6,1,1,14,15,0,115,7.8,,,
Reed Larson,32,EDM,D,10,2,7,9,1,15,1,0,1,0,5,2,0,19,10.5,,,
Reed Larson,32,NYI,D,33,7,13,20,-8,35,1,6,0,1,4,9,0,77,9.1,,,
Reed Larson,32,MNS,D,11,0,9,9,-3,18,0,0,0,0,5,4,0,19,0.0,,,
Murray Craven,24,PHI,LW,51,9,28,37,4,52,9,0,0,2,19,9,0,89,10.1,,,
Anton Šťastný,29,QUE,LW,55,7,30,37,-19,12,4,3,0,0,17,13,0,84,8.3,,,
Tommy Albelin,24,2TM,D,60,9,28,37,12,67,6,2,1,2,19,9,0,98,9.2,,,
Tommy Albelin,24,QUE,D,14,2,4,6,-6,27,1,1,0,1,2,2,0,16,12.5,,,
Tommy Albelin,24,NJD,D,46,7,24,31,18,40,5,1,1,1,17,7,0,82,8.5,,,
Mike Allison,27,LAK,RW,55,14,22,36,7,122,8,6,0,2,17,5,0,71,19.7,,,
Laurie Boschman,28,WIN,C,70,10,26,36,-17,163,7,3,0,1,23,2,1,113,8.8,,,
Steve Bozek,28,VAN,C,71,17,18,35,1,64,15,0,2,2,14,1,3,138,12.3,,,
Andy Brickley,27,BOS,C,71,13,22,35,4,20,11,2,0,3,15,6,1,98,13.3,,,
Mike Keane,21,MTL,RW,69,16,19,35,9,69,11,5,0,1,15,4,0,90,17.8,,,
Gord Murphy,21,PHI,D,75,4,31,35,-3,68,1,3,0,1,16,15,0,116,3.4,,,
Dave Poulin,30,PHI,C,69,18,17,35,4,49,12,1,5,4,13,0,4,81,22.2,,,
Ulf Samuelsson,24,HAR,D,71,9,26,35,23,181,6,3,0,2,14,12,0,122,7.4,,,
Brian Benning,22,STL,D,66,8,26,34,-23,102,5,3,0,0,9,17,0,91,8.8,,,
Theo Fleury,20,CGY,C,36,14,20,34,5,46,9,5,0,3,8,12,0,89,15.7,,,
Jody Hull,19,HAR,RW,60,16,18,34,6,10,10,6,0,2,17,1,0,82,19.5,,,
Greg Adams,25,VAN,LW,61,19,14,33,-21,24,10,9,0,2,9,5,0,144,13.2,,,
Dave Archibald,19,MNS,C,72,14,19,33,-11,14,7,7,0,2,13,6,0,105,13.3,,,
Keith Crowder,30,BOS,RW,69,15,18,33,6,147,10,5,0,2,11,7,0,121,12.4,,,
Lucien DeBlois,31,NYR,C,73,9,24,33,-6,107,9,0,0,2,23,0,1,117,7.7,,,
Al Iafrate,22,TOR,D,65,13,20,33,3,72,10,1,2,3,14,6,0,105,12.4,,,
Michel Petit,24,NYR,D,69,8,25,33,-15,154,3,5,0,1,17,7,1,132,6.1,,,
Norm Maciver,24,2TM,D,63,1,32,33,-3,38,0,1,0,0,14,18,0,87,1.1,,,
Norm Maciver,24,NYR,D,26,0,10,10,-3,14,0,0,0,0,6,4,0,36,0.0,,,
Norm Maciver,24,HAR,D,37,1,22,23,0,24,0,1,0,0,8,14,0,51,2.0,,,
Gerald Diduck,23,NYI,D,65,11,21,32,9,155,5,6,0,0,9,12,0,132,8.3,,,
Rich Sutter,25,VAN,RW,75,17,15,32,3,122,13,1,3,4,14,1,0,125,13.6,,,
Jim Korn,31,NJD,LW,65,15,16,31,-3,212,11,4,0,3,13,3,0,65,23.1,,,
Basil McRae,28,MNS,LW,78,12,19,31,-8,365,8,4,0,0,15,4,0,122,9.8,,,
Jeff Norton,23,NYI,D,69,1,30,31,-24,74,0,1,0,0,11,19,0,126,0.8,,,
Ryan Walter,30,MTL,LW,78,14,17,31,23,48,12,1,1,0,15,2,0,104,13.5,,,
Garry Galley,25,BOS,D,78,8,22,30,-7,80,5,2,1,0,12,10,0,145,5.5,,,
Dave Hannan,27,PIT,C,72,10,20,30,-12,157,7,2,1,3,19,1,0,72,13.9,,,
Mark Hunter,26,CGY,RW,66,22,8,30,4,194,10,12,0,2,4,4,0,116,19.0,,,
Steve Leach,23,WSH,RW,74,11,19,30,-4,92,7,4,0,0,17,1,1,145,7.6,,,
Dave Reid,24,TOR,LW,77,9,21,30,12,22,7,1,1,0,19,1,1,87,10.3,,,
Larry Robinson,37,MTL,D,74,4,26,30,23,22,4,0,0,0,18,8,0,79,5.1,,,"ASG,Byng-10"
Derrick Smith,24,PHI,LW,74,16,14,30,-4,43,15,0,1,3,13,0,1,115,13.9,,,
Sylvain Turgeon,24,HAR,LW,42,16,14,30,-11,40,9,7,0,1,9,5,0,122,13.1,,,
Gaétan Duchesne,26,QUE,LW,70,8,21,29,0,56,5,2,1,1,19,1,1,110,7.3,,,
Rick Meagher,35,STL,C,78,15,14,29,9,53,14,0,1,1,14,0,0,109,13.8,,,"Byng-21,Selke-4"
Randy Moller,25,QUE,D,74,7,22,29,2,136,5,2,0,0,11,10,1,117,6.0,,,
Doug Smail,31,WIN,LW,47,14,15,29,12,52,12,0,2,0,13,0,2,68,20.6,,,
Dale DeGray,25,LAK,D,63,6,22,28,3,97,6,0,0,1,14,8,0,87,6.9,,,
Dean Evason,24,HAR,C,67,11,17,28,-9,60,11,0,0,0,17,0,0,95,11.6,,,
Normand Lacombe,24,EDM,RW,64,17,11,28,2,57,15,2,0,1,11,0,0,71,23.9,,,
Mark Napier,32,BUF,LW,66,11,17,28,-3,33,9,0,2,1,17,0,0,92,12.0,,,
Bob Sweeney,25,BOS,C,75,14,14,28,-19,104,11,2,1,3,11,3,0,117,12.0,,,
Randy Wood,25,NYI,LW,77,15,13,28,-18,44,15,0,0,0,12,0,1,115,13.0,,,
Paul Fenton,29,2TM,LW,80,16,12,28,-16,39,15,1,0,0,12,0,0,135,11.9,,,
Paul Fenton,29,LAK,LW,21,2,3,5,-1,6,2,0,0,0,3,0,0,26,7.7,,,
Paul Fenton,29,WIN,LW,59,14,9,23,-15,33,13,1,0,0,9,0,0,109,12.8,,,
Jamie Macoun,27,CGY,D,72,8,19,27,40,78,8,0,0,2,18,0,1,89,9.0,,,
Marty McSorley,25,LAK,RW,66,10,17,27,3,350,8,2,0,1,15,2,0,87,11.5,,,
Michal Pivoňka,23,WSH,LW,52,8,19,27,9,30,7,1,0,1,15,4,0,73,11.0,,,
Don Maloney,30,2TM,LW,52,7,20,27,3,39,6,1,0,1,18,2,0,72,9.7,,,
Don Maloney,30,NYR,LW,31,4,9,13,2,16,4,0,0,0,9,0,0,38,10.5,,,
Don Maloney,30,HAR,LW,21,3,11,14,1,23,2,1,0,1,9,2,0,34,8.8,,,
Stew Gavin,28,MNS,LW,73,8,18,26,3,34,7,0,1,0,14,1,3,129,6.2,,,Selke-11
Sergio Momesso,23,STL,LW,53,9,17,26,-1,139,9,0,0,0,17,0,0,81,11.1,,,
Jack O'Callahan,31,NJD,D,36,5,21,26,0,51,0,5,0,0,4,17,0,96,5.2,,,
Gordie Roberts,31,STL,D,77,2,24,26,7,90,2,0,0,0,21,2,1,52,3.8,,,
Doug Brown,24,NJD,RW,63,15,10,25,-7,15,11,4,0,2,7,1,2,110,13.6,,,
Doug Crossman,28,LAK,D,74,10,15,25,-11,53,8,2,0,0,13,2,0,137,7.3,,,
Patrick Flatley,25,NYI,RW,41,10,15,25,-5,31,7,2,1,1,12,3,0,72,13.9,,,
Todd Gill,23,TOR,D,59,11,14,25,-3,72,11,0,0,1,11,3,0,92,12.0,,,
Kevin Lowe,29,EDM,D,76,7,18,25,26,98,7,0,0,1,14,3,1,85,8.2,,,"ASG,ASnhl-9,Norris-8"
Stan Smyl,31,VAN,RW,75,7,18,25,0,102,6,1,0,0,17,1,0,89,7.9,,,Selke-17
Steve Tuttle,23,STL,RW,53,13,12,25,3,6,12,0,1,3,11,0,1,82,15.9,,,
Igor Liba,28,2TM,RW,37,7,18,25,-3,36,5,2,0,0,12,6,0,42,16.7,,,
Igor Liba,28,NYR,RW,10,2,5,7,1,15,1,1,0,0,3,2,0,14,14.3,,,
Igor Liba,28,LAK,RW,27,5,13,18,-4,21,4,1,0,0,9,4,0,28,17.9,,,
Miroslav Fryčer,29,2TM,RW,37,12,13,25,-2,65,8,4,0,1,9,4,0,73,16.4,,,
Miroslav Fryčer,29,DET,RW,23,7,8,15,-4,47,5,2,0,1,6,2,0,40,17.5,,,
Miroslav Fryčer,29,EDM,RW,14,5,5,10,2,18,3,2,0,0,3,2,0,33,15.2,,,
Paul Cavallini,23,STL,D,65,4,20,24,25,128,4,0,0,0,15,5,0,93,4.3,,,
Shawn Chambers,22,MNS,D,72,5,19,24,-4,80,2,1,2,0,11,7,1,131,3.8,,,
Ron Duguay,31,LAK,C,70,7,17,24,23,48,7,0,0,0,15,0,2,80,8.8,,,
Brent Gilchrist,21,MTL,LW,49,8,16,24,9,16,8,0,0,2,13,3,0,68,11.8,,,
Randy Hillier,28,PIT,D,68,1,23,24,-4,141,0,0,1,0,20,0,3,37,2.7,,,
Jason Lafreniere,22,NYR,C,38,8,16,24,-3,6,5,3,0,0,10,6,0,42,19.0,,,
Trent Yawney,23,CHI,D,69,5,19,24,-5,116,1,3,1,0,11,8,0,75,6.7,,,
Marcel Dionne,37,NYR,C,37,7,16,23,-6,20,3,4,0,0,9,7,0,74,9.5,,,
Mike Hudson,21,CHI,C,41,7,16,23,-12,20,6,0,1,0,13,3,0,45,15.6,,,
Craig Laughlin,31,TOR,C,66,10,13,23,-22,41,10,0,0,0,12,1,0,87,11.5,,,
Tom Tilley,23,STL,D,70,1,22,23,1,47,1,0,0,0,17,4,1,77,1.3,,,
John Carter,25,BOS,LW,44,12,10,22,-1,24,7,4,1,0,7,3,0,96,12.5,,,
Joe Cirella,25,NJD,D,80,3,19,22,-14,155,2,0,1,1,16,3,0,84,3.6,,,
Doug Lidster,28,VAN,D,63,5,17,22,-4,78,2,3,0,0,10,6,1,116,4.3,,,
Brad McCrimmon,29,CGY,D,72,5,17,22,43,96,2,2,1,2,14,3,0,78,6.4,,,"ASnhl-6,Norris-6"
Dana Murzyn,22,CGY,D,63,3,19,22,26,142,2,0,1,1,15,3,1,91,3.3,,,
Steve Smith,25,EDM,D,35,3,19,22,5,97,3,0,0,0,12,5,2,47,6.4,,,
Lindy Ruff,28,2TM,LW,76,6,16,22,-23,117,6,0,0,0,14,2,0,88,6.8,,,
Lindy Ruff,28,BUF,LW,63,6,11,17,-17,86,6,0,0,0,10,1,0,69,8.7,,,
Lindy Ruff,28,NYR,LW,13,0,5,5,-6,31,0,0,0,0,4,1,0,19,0.0,,,
Brad Dalgarno,21,NYI,RW,55,11,10,21,-8,86,9,2,0,1,7,3,0,83,13.3,,,
Greg Gilbert,27,2TM,LW,59,8,13,21,2,45,8,0,0,1,13,0,0,75,10.7,,,
Greg Gilbert,27,NYI,LW,55,8,13,21,1,45,8,0,0,1,13,0,0,73,11.0,,,
Greg Gilbert,27,CHI,LW,4,0,0,0,1,0,0,0,0,0,0,0,0,2,0.0,,,
Rod Langway,31,WSH,D,76,2,19,21,12,67,2,0,0,0,15,2,2,80,2.5,,,ASnhl-12
Claude Loiselle,25,NJD,C,74,7,14,21,-10,209,6,0,1,1,14,0,0,92,7.6,,,
Robert Picard,31,QUE,D,74,7,14,21,-28,61,4,2,1,1,13,1,0,102,6.9,,,
Michael Thelvén,28,BOS,D,40,3,18,21,10,71,1,1,1,0,9,9,0,68,4.4,,,
Tim Watters,29,LAK,D,76,3,18,21,17,168,3,0,0,0,16,1,1,62,4.8,,,
Jay Wells,29,PHI,D,67,2,19,21,-3,184,2,0,0,0,9,10,0,67,3.0,,,
Rick Zombo,25,DET,D,75,1,20,21,22,106,0,1,0,0,18,1,1,64,1.6,,,ASnhl-16
Bob Bassen,23,2TM,C,68,5,16,21,5,83,5,0,0,1,16,0,0,51,9.8,,,
Bob Bassen,23,NYI,C,19,1,4,5,0,21,1,0,0,0,4,0,0,14,7.1,,,
Bob Bassen,23,CHI,C,49,4,12,16,5,62,4,0,0,1,12,0,0,37,10.8,,,
Calle Johansson,21,2TM,D,59,3,18,21,-6,37,2,1,0,1,12,6,0,75,4.0,,,
Calle Johansson,21,BUF,D,47,2,11,13,-7,33,2,0,0,1,7,4,0,53,3.8,,,
Calle Johansson,21,WSH,D,12,1,7,8,1,4,0,1,0,0,5,2,0,22,4.5,,,
Garth Butcher,26,VAN,D,78,0,20,20,4,227,0,0,0,0,20,0,0,101,0.0,,,
Greg Johnston,24,BOS,RW,57,11,9,20,7,32,10,0,1,5,9,0,0,89,12.4,,,
Tom Laidlaw,30,LAK,D,70,3,17,20,30,63,3,0,0,1,15,1,1,31,9.7,,,ASnhl-14
Kevin McClelland,26,EDM,C,79,6,14,20,-10,161,6,0,0,0,13,1,0,43,14.0,,,
František Musil,24,MNS,D,55,1,19,20,4,54,1,0,0,1,12,7,0,78,1.3,,,
Börje Salming,37,TOR,D,63,3,17,20,7,86,2,1,0,0,12,5,0,58,5.2,,,
Gord Donnelly,26,2TM,RW,73,10,10,20,-20,274,9,1,0,0,10,0,0,67,14.9,,,
Gord Donnelly,26,QUE,RW,16,4,0,4,-8,46,3,1,0,0,0,0,0,14,28.6,,,
Gord Donnelly,26,WIN,RW,57,6,10,16,-12,228,6,0,0,0,10,0,0,53,11.3,,,
Mike Lalor,25,2TM,D,48,2,18,20,14,69,2,0,0,2,18,0,0,52,3.8,,,
Mike Lalor,25,MTL,D,12,1,4,5,-1,15,1,0,0,1,4,0,0,12,8.3,,,
Mike Lalor,25,STL,D,36,1,14,15,15,54,1,0,0,1,14,0,0,40,2.5,,,
Mark Hardy,29,2TM,D,60,4,16,20,-9,71,4,0,0,1,12,4,0,70,5.7,,,
Mark Hardy,29,MNS,D,15,2,4,6,-1,26,2,0,0,1,2,2,0,19,10.5,,,
Mark Hardy,29,NYR,D,45,2,12,14,-8,45,2,0,0,0,10,2,0,51,3.9,,,
Grant Ledyard,27,2TM,D,74,4,16,20,2,51,3,1,0,2,10,6,0,106,3.8,,,
Grant Ledyard,27,WSH,D,61,3,11,14,1,43,2,1,0,1,6,5,0,81,3.7,,,
Grant Ledyard,27,BUF,D,13,1,5,6,1,8,1,0,0,1,4,1,0,25,4.0,,,
Doug Evans,25,STL,LW,53,7,12,19,3,81,6,0,1,0,12,0,0,48,14.6,,,
Mike Hough,25,QUE,RW,46,9,10,19,-7,39,5,1,3,3,9,1,0,51,17.6,,,
Bob Rouse,24,2TM,D,79,4,15,19,-3,160,4,0,0,1,15,0,0,85,4.7,,,
Bob Rouse,24,MNS,D,66,4,13,17,-5,124,4,0,0,1,13,0,0,66,6.1,,,
Bob Rouse,24,WSH,D,13,0,2,2,2,36,0,0,0,0,2,0,0,19,0.0,,,
Keith Brown,28,CHI,D,74,2,16,18,-5,84,1,1,0,0,7,7,2,105,1.9,,,
Bobby Gould,31,WSH,C,75,5,13,18,-2,65,4,0,1,0,13,0,0,91,5.5,,,Selke-21
Randy Gregg,32,EDM,D,57,3,15,18,-9,28,2,1,0,1,9,5,1,42,7.1,,,
Craig Hartsburg,29,MNS,D,30,4,14,18,-8,47,3,1,0,0,8,6,0,75,5.3,,,
Peter Ihnačák,31,TOR,C,26,2,16,18,3,10,2,0,0,0,16,0,0,30,6.7,,,
Joe Kocur,24,DET,RW,60,9,9,18,-4,213,8,1,0,1,8,1,0,76,11.8,,,
Uwe Krupp,23,BUF,D,70,5,13,18,0,55,4,0,1,0,12,0,1,51,9.8,,,
Kevin Maguire,26,BUF,C,60,8,10,18,9,241,8,0,0,2,10,0,0,35,22.9,,,
Lanny McDonald,35,CGY,RW,51,11,7,18,-1,26,11,0,0,3,7,0,0,72,15.3,,,
Craig Muni,26,EDM,D,69,5,13,18,43,71,5,0,0,1,11,0,2,40,12.5,,,ASnhl-20
Jeff Parker,24,BUF,RW,57,9,9,18,3,82,9,0,0,2,7,0,2,78,11.5,,,
Jeremy Roenick,19,CHI,C,20,9,9,18,4,4,7,2,0,0,6,3,0,52,17.3,,,
Randy Velischek,26,NJD,D,80,4,14,18,-2,70,3,0,1,0,14,0,0,77,5.2,,,
Steve Konroyd,27,2TM,D,78,6,12,18,-16,42,6,0,0,1,11,1,0,132,4.5,,,
Steve Konroyd,27,NYI,D,21,1,5,6,-5,2,1,0,0,0,4,1,0,30,3.3,,,
Steve Konroyd,27,CHI,D,57,5,7,12,-11,40,5,0,0,1,7,0,0,102,4.9,,,
Moe Mantha,28,2TM,D,46,4,14,18,-4,43,1,3,0,0,7,7,0,103,3.9,,,
Moe Mantha,28,MNS,D,16,1,6,7,1,10,0,1,0,0,3,3,0,32,3.1,,,
Moe Mantha,28,PHI,D,30,3,8,11,-5,33,1,2,0,0,4,4,0,71,4.2,,,
Sylvain Côté,23,HAR,D,78,8,9,17,-7,49,7,1,0,0,9,0,0,130,6.2,,,
Lou Franceschetti,30,WSH,LW,63,7,10,17,-4,123,7,0,0,0,10,0,0,55,12.7,,,
Bob Gainey,35,MTL,LW,49,10,7,17,13,34,9,1,0,2,6,0,1,65,15.4,,,
Mike Hartman,21,BUF,LW,70,8,9,17,9,316,7,1,0,0,9,0,0,91,8.8,,,
Dan Hodgson,23,VAN,C,23,4,13,17,3,25,4,0,0,1,8,5,0,38,10.5,,,
Ken McRae,20,QUE,C,37,6,11,17,-9,68,5,1,0,2,8,2,1,47,12.8,,,
Brent Peterson,30,HAR,C,66,4,13,17,2,61,4,0,0,2,12,0,1,56,7.1,,,
Herb Raglan,21,STL,RW,50,7,10,17,-8,144,7,0,0,1,10,0,0,86,8.1,,,
Kjell Samuelsson,30,PHI,D,69,3,14,17,13,140,2,0,1,0,13,1,0,60,5.0,,,
David Shaw,24,NYR,D,63,6,11,17,14,88,2,3,1,1,8,2,1,85,7.1,,,
Gary Nylund,25,2TM,D,69,7,10,17,-19,137,7,0,0,0,9,1,0,74,9.5,,,
Gary Nylund,25,CHI,D,23,3,2,5,-4,63,3,0,0,0,1,1,0,26,11.5,,,
Gary Nylund,25,NYI,D,46,4,8,12,-15,74,4,0,0,0,8,0,0,48,8.3,,,
Bob Brooke,28,MNS,RW,57,7,9,16,-12,57,6,0,1,2,6,0,3,77,9.1,,,
Bruce Driver,26,NJD,D,27,1,15,16,0,24,0,1,0,0,5,10,0,69,1.4,,,
Mike Eagles,25,CHI,C,47,5,11,16,-8,44,5,0,0,0,9,0,2,39,12.8,,,
Jim Johnson,26,PIT,D,76,2,14,16,7,163,1,1,0,0,11,2,1,70,2.9,,,
Troy Loney,25,PIT,RW,69,10,6,16,-5,165,10,0,0,1,6,0,0,90,11.1,,,
Craig Ludwig,27,MTL,D,74,3,13,16,33,73,2,0,1,1,12,1,0,83,3.6,,,"ASnhl-16,Norris-13"
Brad Marsh,30,TOR,D,80,1,15,16,-16,79,1,0,0,0,12,1,2,69,1.4,,,
Brian Noonan,23,CHI,RW,45,4,12,16,-2,28,2,2,0,0,9,3,0,84,4.8,,,
Mike O'Connell,33,DET,D,66,1,15,16,-8,41,1,0,0,0,8,6,1,49,2.0,,,Byng-10
Rob Ramage,30,CGY,D,68,3,13,16,26,156,1,2,0,0,9,3,1,91,3.3,,,
Mike Ramsey,28,BUF,D,56,2,14,16,5,84,2,0,0,1,10,3,1,63,3.2,,,
Duane Sutter,28,CHI,RW,75,7,9,16,-11,214,7,0,0,1,9,0,0,83,8.4,,,
Al Secord,30,2TM,RW,60,6,10,16,-20,109,5,1,0,1,8,2,0,67,9.0,,,
Al Secord,30,TOR,RW,40,5,10,15,-13,71,4,1,0,1,8,2,0,52,9.6,,,
Al Secord,30,PHI,RW,20,1,0,1,-7,38,1,0,0,0,0,0,0,15,6.7,,,
Marc Bergevin,23,2TM,D,69,2,13,15,-1,80,1,1,0,0,13,0,0,65,3.1,,,
Marc Bergevin,23,CHI,D,11,0,0,0,-3,18,0,0,0,0,0,0,0,9,0.0,,,
Marc Bergevin,23,NYI,D,58,2,13,15,2,62,1,1,0,0,13,0,0,56,3.6,,,
John Druce,22,WSH,RW,48,8,7,15,7,62,8,0,0,1,7,0,0,59,13.6,,,
Jan Erixon,26,NYR,RW,44,4,11,15,-3,27,4,0,0,2,10,0,1,41,9.8,,,"Byng-19,Selke-9"
Curt Giles,30,MNS,D,76,5,10,15,2,77,4,0,1,0,8,1,1,64,7.8,,,
Rick Green,32,MTL,D,72,1,14,15,19,25,1,0,0,0,13,1,0,42,2.4,,,
Chris Kotsopoulos,30,TOR,D,57,1,14,15,-4,44,1,0,0,0,4,9,1,66,1.5,,,
Derek Laxdal,22,TOR,RW,41,9,6,15,-11,65,8,1,0,0,5,1,0,41,22.0,,,
Jim Nill,30,DET,RW,71,8,7,15,-1,83,7,0,1,2,7,0,0,39,20.5,,,
Teppo Numminen,20,WIN,D,69,1,14,15,-11,36,0,0,1,0,10,4,0,85,1.2,,,
Everett Sanipass,20,CHI,LW,50,6,9,15,-7,164,6,0,0,2,7,2,0,51,11.8,,,
Kevin Stevens,23,PIT,LW,24,12,3,15,-8,19,8,4,0,3,3,0,0,52,23.1,,,
Peter Taglianetti,25,WIN,D,66,1,14,15,-23,226,0,1,0,0,13,1,0,72,1.4,,,
Dan Vincelette,21,CHI,LW,66,11,4,15,-9,119,10,1,0,0,4,0,0,76,14.5,,,
Mario Marois,31,2TM,D,49,3,12,15,-21,118,2,1,0,0,8,4,0,71,4.2,,,
Mario Marois,31,WIN,D,7,1,1,2,-6,17,0,1,0,0,0,1,0,10,10.0,,,
Mario Marois,31,QUE,D,42,2,11,13,-15,101,2,0,0,0,8,3,0,61,3.3,,,
Tom Martin,24,2TM,LW,42,8,7,15,9,117,8,0,0,1,7,0,0,46,17.4,,,
Tom Martin,24,MNS,LW,4,1,1,2,1,4,1,0,0,0,1,0,0,6,16.7,,,
Tom Martin,24,HAR,LW,38,7,6,13,8,113,7,0,0,1,6,0,0,40,17.5,,,
Greg Adams,28,2TM,LW,61,8,7,15,3,117,6,2,0,1,6,1,0,71,11.3,,,
Greg Adams,28,EDM,LW,49,4,5,9,1,82,4,0,0,1,5,0,0,49,8.2,,,
Greg Adams,28,VAN,LW,12,4,2,6,2,35,2,2,0,0,1,1,0,22,18.2,,,
David Bruce,24,VAN,RW,53,7,7,14,-16,65,6,1,0,2,4,3,0,86,8.1,,,
Kelly Buchberger,22,EDM,LW,66,5,9,14,-14,234,4,1,0,1,6,3,0,57,8.8,,,
Éric Desjardins,19,MTL,D,36,2,12,14,9,26,1,1,0,0,9,3,0,39,5.1,,,
Tim Higgins,30,DET,RW,42,5,9,14,0,62,5,0,0,0,8,0,1,45,11.1,,,
Larry Melnyk,28,VAN,D,74,3,11,14,3,82,2,0,1,1,11,0,0,59,5.1,,,
Chris Nilan,30,NYR,RW,38,7,7,14,-8,177,7,0,0,1,7,0,0,39,17.9,,,
Dušan Pašek,28,MNS,RW,48,4,10,14,-8,30,3,1,0,0,7,3,0,86,4.7,,,
Rich Pilon,20,NYI,D,62,0,14,14,-9,242,0,0,0,0,11,3,0,47,0.0,,,
Dean Kennedy,26,2TM,D,67,3,11,14,17,103,3,0,0,1,21,0,0,45,6.7,,,
Dean Kennedy,26,NYR,D,16,0,1,1,-1,40,0,0,0,0,1,0,0,7,0.0,,,
Dean Kennedy,26,LAK,D,51,3,10,13,18,63,3,0,0,1,20,0,0,38,7.9,,,
Jay Miller,28,2TM,LW,66,7,7,14,-9,301,7,0,0,0,7,0,0,30,23.3,,,
Jay Miller,28,BOS,LW,37,2,4,6,-6,168,2,0,0,0,4,0,0,14,14.3,,,
Jay Miller,28,LAK,LW,29,5,3,8,-3,133,5,0,0,0,3,0,0,16,31.3,,,
Don Barber,24,MNS,LW,23,8,5,13,2,8,5,3,0,2,4,1,0,42,19.0,,,
Gaston Gingras,29,STL,D,52,3,10,13,1,6,1,2,0,0,3,7,0,98,3.1,,,
Doug Houda,22,DET,D,57,2,11,13,17,67,2,0,0,0,11,0,0,38,5.3,,,
Grant Jennings,23,HAR,D,55,3,10,13,17,159,3,0,0,0,10,0,0,39,7.7,,,
Curtis Leschyshyn,19,QUE,D,71,4,9,13,-32,71,2,1,1,0,7,2,0,58,6.9,,,
Craig Redmond,23,EDM,D,21,3,10,13,-10,12,0,3,0,0,2,8,0,29,10.3,,,
Jeff Sharples,21,DET,D,46,4,9,13,5,26,1,3,0,0,5,4,0,48,8.3,,,
Ville Sirén,24,2TM,D,50,3,10,13,0,72,3,0,0,0,5,5,0,50,6.0,,,
Ville Sirén,24,PIT,D,12,1,0,1,0,14,1,0,0,0,0,0,0,11,9.1,,,
Ville Sirén,24,MNS,D,38,2,10,12,0,58,2,0,0,0,5,5,0,39,5.1,,,
Perry Berezan,24,2TM,C,51,5,8,13,6,27,4,0,1,0,8,0,0,65,7.7,,,
Perry Berezan,24,CGY,C,35,4,4,8,5,23,3,0,1,0,4,0,0,49,8.2,,,
Perry Berezan,24,MNS,C,16,1,4,5,1,4,1,0,0,0,4,0,0,16,6.3,,,
Shawn Anderson,20,BUF,D,33,2,10,12,3,18,0,2,0,0,8,1,1,26,7.7,,,
Jim Benning,25,VAN,D,65,3,9,12,-4,48,2,1,0,0,5,4,0,55,5.5,,,
Anders Carlsson,28,NJD,C,47,4,8,12,3,20,4,0,0,0,4,2,2,42,9.5,,,
John Chabot,26,DET,C,52,2,10,12,-18,6,0,0,2,0,8,1,1,49,4.1,,,
Pat Conacher,29,NJD,LW,55,7,5,12,-7,14,6,0,1,1,4,0,1,59,11.9,,,
Dan Daoust,28,TOR,C,68,7,5,12,-20,54,5,0,2,1,3,1,1,66,10.6,,,
Larry DePalma,23,MNS,LW,43,5,7,12,-14,102,4,1,0,1,6,1,0,42,11.9,,,
Adam Graves,20,DET,C,56,7,5,12,-5,60,7,0,0,1,5,0,0,60,11.7,,,
Raimo Helminen,24,NYI,C,24,1,11,12,-15,4,0,1,0,0,5,6,0,22,4.5,,,
Tim Hunter,28,CGY,RW,75,3,9,12,22,375,3,0,0,1,9,0,0,67,4.5,,,
Jim Kyte,24,WIN,D,74,3,9,12,-25,190,3,0,0,0,9,0,0,56,5.4,,,
David Latta,22,QUE,LW,24,4,8,12,-8,4,3,1,0,1,7,1,0,30,13.3,,,
Doug Sulliman,29,PHI,RW,52,6,6,12,-8,8,5,0,1,1,5,0,1,52,11.5,,,
Gilles Thibaudeau,25,MTL,C,32,6,6,12,5,6,5,1,0,0,5,1,0,42,14.3,,,
Dave Hunter,31,2TM,LW,66,6,6,12,-8,83,5,0,1,0,6,0,0,87,6.9,,,
Dave Hunter,31,WIN,LW,34,3,1,4,-3,61,2,0,1,0,1,0,0,43,7.0,,,
Dave Hunter,31,EDM,LW,32,3,5,8,-5,22,3,0,0,0,5,0,0,44,6.8,,,
Jock Callander,27,PIT,RW,30,6,5,11,-3,20,4,2,0,0,3,2,0,35,17.1,,,
Wendel Clark,22,TOR,LW,15,7,4,11,-3,66,4,3,0,1,3,1,0,30,23.3,,,
Ron Greschner,34,NYR,D,58,1,10,11,9,94,1,0,0,0,9,1,0,49,2.0,,,
Kerry Huffman,21,PHI,D,29,0,11,11,0,31,0,0,0,0,4,7,0,23,0.0,,,
Hannu Järvenpää,25,WIN,RW,53,4,7,11,-14,41,3,1,0,0,7,0,0,27,14.8,,,
Brad Jones,23,WIN,LW,22,6,5,11,0,6,5,0,1,0,5,0,0,25,24.0,,,
David Maley,25,NJD,RW,68,5,6,11,-27,249,5,0,0,0,4,2,0,63,7.9,,,
Joel Quenneville,30,HAR,D,69,4,7,11,3,32,4,0,0,0,6,1,0,45,8.9,,,
Craig Wolanin,21,NJD,D,56,3,8,11,-9,69,3,0,0,0,8,0,0,70,4.3,,,
Ray Neufeld,29,2TM,LW,45,6,5,11,-11,80,6,0,0,0,5,0,0,63,9.5,,,
Ray Neufeld,29,WIN,LW,31,5,2,7,-9,52,5,0,0,0,2,0,0,47,10.6,,,
Ray Neufeld,29,BOS,LW,14,1,3,4,-2,28,1,0,0,0,3,0,0,16,6.3,,,
Alain Côté,31,QUE,LW,55,2,8,10,-1,14,1,0,1,0,6,0,2,31,6.5,,,
Ken Daneyko,24,NJD,D,80,5,5,10,-22,283,4,1,0,0,4,1,0,108,4.6,,,
Mike Donnelly,25,BUF,LW,22,4,6,10,-1,10,4,0,0,0,4,2,0,25,16.0,,,
Curt Fraser,31,MNS,LW,35,5,5,10,-15,76,4,1,0,0,2,3,0,58,8.6,,,
Jeff Jackson,23,QUE,LW,33,4,6,10,-15,28,3,0,1,2,6,0,0,40,10.0,,,
Mark Lamb,24,EDM,C,20,2,8,10,4,14,1,1,0,0,8,0,0,20,10.0,,,
Rick Lanz,27,TOR,D,32,1,9,10,-17,18,1,0,0,1,4,4,1,56,1.8,,,
Darren Turcotte,20,NYR,C,20,7,3,10,0,4,5,2,0,2,2,1,0,49,14.3,,,
Darren Veitch,28,TOR,D,37,3,7,10,-17,16,2,1,0,0,4,3,0,69,4.3,,,
Torrie Robertson,27,2TM,LW,39,4,6,10,-3,147,4,0,0,1,6,0,0,26,15.4,,,
Torrie Robertson,27,HAR,LW,27,2,4,6,-3,84,2,0,0,1,4,0,0,21,9.5,,,
Torrie Robertson,27,DET,LW,12,2,2,4,0,63,2,0,0,0,2,0,0,5,40.0,,,
Perry Anderson,27,NJD,LW,39,3,6,9,5,128,3,0,0,0,6,0,0,36,8.3,,,
Brad Berry,23,WIN,D,38,0,9,9,-8,45,0,0,0,0,9,0,0,21,0.0,,,
Todd Ewen,22,STL,RW,34,4,5,9,4,171,4,0,0,0,5,0,0,22,18.2,,,
Chris Joseph,19,EDM,D,44,4,5,9,-9,54,4,0,0,0,4,0,1,36,11.1,,,
Mike Millar,23,WSH,RW,18,6,3,9,-4,4,3,3,0,1,1,2,0,37,16.2,,,
Ric Nattress,26,CGY,D,38,1,8,9,12,47,1,0,0,0,7,0,1,28,3.6,,,
Jim Pavese,26,2TM,D,44,3,6,9,-2,135,3,0,0,0,6,0,0,33,9.1,,,
Jim Pavese,26,DET,D,39,3,6,9,-1,130,3,0,0,0,6,0,0,27,11.1,,,
Jim Pavese,26,HAR,D,5,0,0,0,-1,5,0,0,0,0,0,0,0,6,0.0,,,
Luke Richardson,19,TOR,D,55,2,7,9,-15,106,2,0,0,0,6,1,0,59,3.4,,,
Trevor Stienburg,22,QUE,RW,55,6,3,9,-17,130,5,1,0,0,3,0,0,65,9.2,,,
Doug Smith,25,2TM,C,29,4,5,9,2,13,3,1,0,1,5,0,0,27,14.8,,,
Doug Smith,25,EDM,C,19,1,1,2,-1,9,1,0,0,0,1,0,0,15,6.7,,,
Doug Smith,25,VAN,C,10,3,4,7,3,4,2,1,0,1,4,0,0,12,25.0,,,
Chris Felix,24,WSH,D,21,0,8,8,7,8,0,0,0,0,3,5,0,18,0.0,,,
Steven Finn,22,QUE,D,77,2,6,8,-21,235,1,0,1,0,6,0,0,86,2.3,,,
Tom Fitzgerald,20,NYI,C,23,3,5,8,1,10,3,0,0,1,5,0,0,24,12.5,,,
Randy Gilhen,25,WIN,C,64,5,3,8,-24,38,4,0,1,1,3,0,0,76,6.6,,,
Ron Hextall,24,PHI,G,64,0,8,8,0,113,0,0,0,0,,,,0,,3755:46,,"ASnhl-5,Vezina-7"
Kevin Miller,23,NYR,RW,24,3,5,8,-1,2,3,0,0,1,5,0,0,40,7.5,,,
Joe Murphy,21,DET,RW,26,1,7,8,-7,28,1,0,0,0,5,2,0,29,3.4,,,
Harold Snepsts,34,VAN,D,59,0,8,8,-3,69,0,0,0,0,6,0,2,27,0.0,,,
Don Sweeney,22,BOS,D,36,3,5,8,-6,20,3,0,0,0,4,1,0,35,8.6,,,
Doug Halward,33,2TM,D,42,0,8,8,-14,61,0,0,0,0,7,1,0,13,0.0,,,
Doug Halward,33,DET,D,18,0,1,1,-11,36,0,0,0,0,1,0,0,5,0.0,,,
Doug Halward,33,EDM,D,24,0,7,7,-3,25,0,0,0,0,6,1,0,8,0.0,,,
Doug Wickenheiser,27,2TM,C,17,3,5,8,1,4,2,1,0,0,5,0,0,33,9.1,,,
Doug Wickenheiser,27,NYR,C,1,1,0,1,1,0,1,0,0,0,0,0,0,4,25.0,,,
Doug Wickenheiser,27,WSH,C,16,2,5,7,0,4,1,1,0,0,5,0,0,29,6.9,,,
Tom Barrasso,23,2TM,G,54,0,8,8,0,70,0,0,0,0,,,,0,,2951:30,,Vezina-7
Tom Barrasso,23,BUF,G,10,0,3,3,0,21,0,0,0,0,,,,0,,545:09,,
Tom Barrasso,23,PIT,G,44,0,5,5,0,49,0,0,0,0,,,,0,,2406:21,,
Mel Bridgman,33,VAN,C,15,4,3,7,-4,10,2,2,0,0,1,2,0,17,23.5,,,
Craig Coxe,25,STL,C,41,0,7,7,3,127,0,0,0,0,7,0,0,15,0.0,,,
Steve Dykstra,26,PIT,D,65,1,6,7,-12,126,1,0,0,0,5,0,1,38,2.6,,,
Dan Frawley,26,PIT,RW,46,3,4,7,-1,66,3,0,0,1,4,0,0,37,8.1,,,
Richard Kromm,24,NYI,LW,20,1,6,7,-3,4,1,0,0,0,6,0,0,12,8.3,,,
Randy Ladouceur,28,HAR,D,75,2,5,7,-23,95,2,0,0,0,4,0,1,56,3.6,,,
Wally Schreiber,26,MNS,RW,25,2,5,7,-5,10,1,1,0,1,1,4,0,41,4.9,,,
Neil Sheehy,28,WSH,D,72,3,4,7,-1,184,3,0,0,0,4,0,0,22,13.6,,,
Ilkka Sinisalo,30,PHI,RW,13,1,6,7,6,2,1,0,0,0,5,1,0,15,6.7,,,
Rod Buskas,28,PIT,D,52,1,5,6,-2,105,1,0,0,0,5,0,0,15,6.7,,,
Chris Dahlquist,26,PIT,D,43,1,5,6,-8,42,1,0,0,0,4,1,0,27,3.7,,,
Dean Kolstad,20,MNS,D,25,1,5,6,-5,42,0,1,0,0,3,2,0,41,2.4,,,
Dale Krentz,27,DET,LW,16,3,3,6,-3,4,3,0,0,1,1,2,0,27,11.1,,,
Tommy Lehman,24,BOS,C,26,4,2,6,-7,10,2,1,1,1,2,0,0,26,15.4,,,
Dave Lowry,23,STL,LW,21,3,3,6,1,11,2,0,1,0,3,0,0,22,13.6,,,
Bob Murray,34,CHI,D,15,2,4,6,-4,27,0,2,0,0,1,3,0,19,10.5,,,
Allen Pedersen,24,BOS,D,51,0,6,6,-3,69,0,0,0,0,6,0,0,24,0.0,,,
Bob Probert,23,DET,LW,25,4,2,6,-11,106,3,1,0,0,1,1,0,23,17.4,,,
Dave Richter,28,STL,D,66,1,5,6,-21,99,1,0,0,0,5,0,0,23,4.3,,,
Normand Rochefort,28,NYR,D,11,1,5,6,0,18,1,0,0,1,4,1,0,14,7.1,,,
Patrick Roy,23,MTL,G,48,0,6,6,0,2,0,0,0,0,,,,0,,2743:57,,"ASnhl-1,Hart-4,Jennings-1,Vezina-1"
Peter Sundström,27,WSH,LW,35,4,2,6,-5,14,4,0,0,0,2,0,0,39,10.3,,,
Wayne McBean,19,2TM,D,52,0,6,6,-13,35,0,0,0,0,5,1,0,36,0.0,,,
Wayne McBean,19,LAK,D,33,0,5,5,-9,23,0,0,0,0,5,0,0,19,0.0,,,
Wayne McBean,19,NYI,D,19,0,1,1,-4,12,0,0,0,0,0,1,0,17,0.0,,,
Larry Playfair,30,2TM,D,48,0,6,6,-7,126,0,0,0,0,6,0,0,10,0.0,,,
Larry Playfair,30,LAK,D,6,0,3,3,3,16,0,0,0,0,3,0,0,4,0.0,,,
Larry Playfair,30,BUF,D,42,0,3,3,-10,110,0,0,0,0,3,0,0,6,0.0,,,
Warren Babe,20,MNS,LW,14,2,3,5,3,19,2,0,0,0,3,0,0,15,13.3,,,
Jeff Beukeboom,23,EDM,D,36,0,5,5,2,94,0,0,0,0,4,0,1,26,0.0,,,
Jay Caufield,28,PIT,RW,58,1,4,5,-4,285,1,0,0,0,4,0,0,10,10.0,,,
Jeff Chychrun,22,PHI,D,80,1,4,5,11,245,1,0,0,1,3,1,0,53,1.9,,,
Yvon Corriveau,21,WSH,LW,33,3,2,5,0,62,3,0,0,0,2,0,0,39,7.7,,,
Alain Côté,21,BOS,D,31,2,3,5,-9,51,2,0,0,0,3,0,0,45,4.4,,,
Brian Curran,25,TOR,D,47,1,4,5,0,185,1,0,0,0,4,0,0,18,5.6,,,
Paul Gagné,26,TOR,LW,16,3,2,5,-8,6,2,1,0,1,2,0,0,14,21.4,,,
Brent Hughes,22,WIN,LW,28,3,2,5,-7,82,2,0,1,0,2,0,0,37,8.1,,,
Kris King,22,DET,LW,55,2,3,5,-7,168,2,0,0,0,3,0,0,34,5.9,,,
Brad Lauer,22,NYI,LW,14,3,2,5,-2,2,3,0,0,0,2,0,0,21,14.3,,,
Mark Tinordi,22,MNS,D,47,2,3,5,-9,107,2,0,0,0,3,0,0,39,5.1,,,
Jim Wiemer,28,LAK,D,9,2,3,5,2,20,1,0,1,1,1,0,2,17,11.8,,,
José Charbonneau,22,2TM,RW,22,1,4,5,-4,12,1,0,0,0,3,1,0,31,3.2,,,
José Charbonneau,22,MTL,RW,9,1,3,4,-1,6,1,0,0,0,2,1,0,15,6.7,,,
José Charbonneau,22,VAN,RW,13,0,1,1,-3,6,0,0,0,0,1,0,0,16,0.0,,,
Dave Brown,26,2TM,RW,72,0,5,5,-12,156,0,0,0,0,5,0,0,42,0.0,,,
Dave Brown,26,PHI,RW,50,0,3,3,-8,100,0,0,0,0,3,0,0,28,0.0,,,
Dave Brown,26,EDM,RW,22,0,2,2,-4,56,0,0,0,0,2,0,0,14,0.0,,,
Ken Baumgartner,22,LAK,D,49,1,3,4,-9,286,1,0,0,0,2,0,1,15,6.7,,,
Lyndon Byers,24,BOS,RW,49,0,4,4,-8,218,0,0,0,0,4,0,0,25,0.0,,,
Alain Chevrier,27,2TM,G,49,0,4,4,0,2,0,0,0,0,,,,0,,2665:30,,
Alain Chevrier,27,WIN,G,22,0,4,4,0,2,0,0,0,0,,,,0,,1092:01,,
Alain Chevrier,27,CHI,G,27,0,0,0,0,0,0,0,0,0,,,,0,,1573:29,,
Sylvain Couturier,20,LAK,C,16,1,3,4,-3,2,0,1,0,0,2,1,0,15,6.7,,,
Gilbert Delorme,26,DET,D,42,1,3,4,-11,51,1,0,0,0,2,1,0,23,4.3,,,
Steve Gotaas,21,MNS,C,12,1,3,4,-1,6,0,1,0,0,2,1,0,18,5.6,,,
Jari Grönstrand,26,QUE,D,25,1,3,4,-9,14,1,0,0,0,2,1,0,18,5.6,,,
Kevan Guy,23,VAN,D,45,2,2,4,-14,34,2,0,0,0,2,0,0,40,5.0,,,
Dale Henry,24,NYI,LW,22,2,2,4,-4,66,2,0,0,0,2,0,0,20,10.0,,,
Darin Kimble,20,QUE,RW,26,3,1,4,-5,149,3,0,0,0,1,0,0,21,14.3,,,
Bob Kudelski,24,LAK,RW,14,1,3,4,-5,17,1,0,0,0,3,0,0,15,6.7,,,
Mark LaForest,26,PHI,G,17,0,4,4,0,4,0,0,0,0,,,,0,,932:48,,
Lane Lambert,24,QUE,RW,13,2,2,4,-2,23,2,0,0,0,1,1,0,19,10.5,,,
Jyrki Lumme,22,MTL,D,21,1,3,4,3,10,0,1,0,0,1,2,0,18,5.6,,,
Bob McGill,26,CHI,D,68,0,4,4,9,155,0,0,0,0,4,0,0,38,0.0,,,
Ken Morrow,32,NYI,D,34,1,3,4,-7,32,1,0,0,0,3,0,0,27,3.7,,,
Daren Puppa,23,BUF,G,37,0,4,4,0,12,0,0,0,0,,,,0,,1907:47,,
Joe Reekie,23,BUF,D,15,1,3,4,6,26,0,1,0,0,3,0,0,14,7.1,,,
Steve Rooney,26,NJD,LW,25,3,1,4,-9,79,3,0,0,1,1,0,0,23,13.0,,,
Darryl Shannon,20,TOR,D,14,1,3,4,5,6,1,0,0,0,3,0,0,16,6.3,,,
Bruce Shoebottom,23,BOS,D,29,1,3,4,5,44,1,0,0,0,3,0,0,19,5.3,,,
Daryl Stanley,26,VAN,D,20,3,1,4,3,14,3,0,0,1,1,0,0,12,25.0,,,
Alfie Turcotte,23,WIN,C,14,1,3,4,-6,2,1,0,0,0,3,0,0,10,10.0,,,
Mark Vermette,21,QUE,RW,12,0,4,4,-7,7,0,0,0,0,4,0,0,10,0.0,,,
Mike Vernon,25,CGY,G,52,0,4,4,0,18,0,0,0,0,,,,0,,2937:44,,"ASG,ASnhl-2,Vezina-2"
Mick Vukota,22,NYI,RW,48,2,2,4,-17,237,2,0,0,0,2,0,0,19,10.5,,,
Paul Ysebaert,22,NJD,C,5,0,4,4,2,0,0,0,0,0,2,2,0,4,0.0,,,
Gord Dineen,26,2TM,D,40,1,3,4,-9,44,1,0,0,0,2,1,0,32,3.1,,,
Gord Dineen,26,MNS,D,2,0,1,1,-4,2,0,0,0,0,0,1,0,7,0.0,,,
Gord Dineen,26,PIT,D,38,1,2,3,-5,42,1,0,0,0,2,0,0,25,4.0,,,
Bill Berg,21,NYI,LW,7,1,2,3,-2,10,0,1,0,0,0,2,0,10,10.0,,,
Ken Berry,28,VAN,LW,13,2,1,3,2,5,2,0,0,0,1,0,0,10,20.0,,,
Scott Bjugstad,27,PIT,RW,24,3,0,3,-12,4,3,0,0,1,0,0,0,21,14.3,,,
Sean Burke,22,NJD,G,62,0,3,3,0,54,0,0,0,0,,,,0,,3589:52,,ASG
Bobby Dollas,24,QUE,D,16,0,3,3,-11,16,0,0,0,0,3,0,0,11,0.0,,,
Martin Gélinas,18,EDM,LW,6,1,2,3,-1,0,1,0,0,0,2,0,0,14,7.1,,,
Bill Houlder,21,WSH,D,8,0,3,3,7,4,0,0,0,0,3,0,0,5,0.0,,,
Chris Kontos,25,LAK,LW,7,2,1,3,2,2,1,1,0,0,1,0,0,9,22.2,,,
John Kordic,23,2TM,RW,52,1,2,3,-14,198,1,0,0,0,2,0,0,35,2.9,,,
John Kordic,23,MTL,RW,6,0,0,0,-1,13,0,0,0,0,0,0,0,2,0.0,,,
John Kordic,23,TOR,RW,46,1,2,3,-13,185,1,0,0,0,2,0,0,33,3.0,,,
David Mackey,22,CHI,LW,23,1,2,3,-1,78,1,0,0,0,2,0,0,15,6.7,,,
Dave McLlwain,22,PIT,C,24,1,2,3,-11,4,1,0,0,0,1,1,0,14,7.1,,,
Bill O'Dwyer,29,BOS,C,19,1,2,3,-4,8,1,0,0,0,2,0,0,18,5.6,,,
Darren Pang,24,CHI,G,35,0,3,3,0,4,0,0,0,0,,,,0,,1643:55,,
Petr Prajsler,23,LAK,D,2,0,3,3,4,0,0,0,0,0,2,1,0,1,0.0,,,
Peter Sidorkiewicz,25,HAR,G,44,0,3,3,0,0,0,0,0,0,,,,0,,2634:33,,"ASnhl-10,AR-1,Calder-4,Vezina-11"
Tim Tookey,28,LAK,C,7,2,1,3,-3,4,2,0,0,0,1,0,0,8,25.0,,,
Ron Tugnutt,21,QUE,G,26,0,3,3,0,2,0,0,0,0,,,,0,,1366:37,,
Ken Wregget,24,2TM,G,35,0,3,3,0,20,0,0,0,0,,,,0,,2017:32,,
Ken Wregget,24,TOR,G,32,0,3,3,0,20,0,0,0,0,,,,0,,1887:49,,
Ken Wregget,24,PHI,G,3,0,0,0,0,0,0,0,0,0,,,,0,,129:43,,
Ken Hammond,25,3TM,D,22,0,3,3,-18,20,0,0,0,0,3,0,0,12,0.0,,,
Ken Hammond,25,EDM,D,5,0,1,1,-2,8,0,0,0,0,1,0,0,1,0.0,,,
Ken Hammond,25,NYR,D,3,0,0,0,-3,0,0,0,0,0,0,0,0,2,0.0,,,
Ken Hammond,25,TOR,D,14,0,2,2,-13,12,0,0,0,0,2,0,0,9,0.0,,,
Kelly Hrudey,28,2TM,G,66,0,3,3,0,19,0,0,0,0,,,,0,,3773:51,,"ASnhl-7,Vezina-11"
Kelly Hrudey,28,NYI,G,50,0,1,1,0,17,0,0,0,0,,,,0,,2799:56,,
Kelly Hrudey,28,LAK,G,16,0,2,2,0,2,0,0,0,0,,,,0,,973:55,,
Craig Berube,23,PHI,LW,53,1,1,2,-15,199,1,0,0,0,1,0,0,31,3.2,,,
Allan Bester,24,TOR,G,43,0,2,2,0,2,0,0,0,0,,,,0,,2460:21,,
Bruce Cassidy,23,CHI,D,9,0,2,2,-5,4,0,0,0,0,0,2,0,12,0.0,,,
Rob Cimetta,18,BOS,LW,7,2,0,2,-4,0,2,0,0,1,0,0,0,4,50.0,,,
Jacques Cloutier,29,BUF,G,36,0,2,2,0,6,0,0,0,0,,,,0,,1785:59,,
Mario Doyon,20,CHI,D,7,1,1,2,2,6,0,1,0,0,0,1,0,7,14.3,,,
Glen Featherstone,20,STL,D,18,0,2,2,-3,22,0,0,0,0,2,0,0,9,0.0,,,
Brent Fedyk,21,DET,RW,5,2,0,2,-1,0,1,1,0,0,0,0,0,6,33.3,,,
Link Gaetz,20,MNS,D,12,0,2,2,-3,53,0,0,0,0,2,0,0,8,0.0,,,
Bill Gardner,28,CHI,C,6,1,1,2,2,0,0,1,0,1,1,0,0,4,25.0,,,
Dallas Gaume,25,HAR,C,4,1,1,2,1,0,1,0,0,0,1,0,0,5,20.0,,,
Mario Gosselin,25,QUE,G,39,0,2,2,0,6,0,0,0,0,,,,0,,2063:35,,
Paul Guay,25,2TM,RW,7,0,2,2,-2,2,0,0,0,0,2,0,0,3,0.0,,,
Paul Guay,25,LAK,RW,2,0,0,0,-2,2,0,0,0,0,0,0,0,2,0.0,,,
Paul Guay,25,BOS,RW,5,0,2,2,0,0,0,0,0,0,2,0,0,1,0.0,,,
Ken Hodge,22,MNS,C,5,1,1,2,1,0,1,0,0,0,1,0,0,6,16.7,,,
Dean Hopkins,29,QUE,RW,5,0,2,2,1,4,0,0,0,0,2,0,0,6,0.0,,,
Jamie Huscroft,22,NJD,D,15,0,2,2,-3,51,0,0,0,0,2,0,0,9,0.0,,,
Mark Kachowski,23,PIT,LW,12,1,1,2,1,43,1,0,0,0,1,0,0,3,33.3,,,
Ed Kastelic,25,HAR,RW,10,0,2,2,0,15,0,0,0,0,2,0,0,6,0.0,,,
Stu Kulak,25,WIN,RW,18,2,0,2,-6,24,1,1,0,0,0,0,0,18,11.1,,,
Markku Kyllönen,26,WIN,LW,9,0,2,2,-3,2,0,0,0,0,1,1,0,7,0.0,,,
Jan Ludvig,27,BUF,RW,13,0,2,2,-1,39,0,0,0,0,2,0,0,11,0.0,,,
Scott Metcalfe,22,BUF,LW,9,1,1,2,-1,13,1,0,0,0,1,0,0,11,9.1,,,
Jon Morris,22,NJD,C,4,0,2,2,0,0,0,0,0,0,2,0,0,1,0.0,,,
Rudy Poeschek,22,NYR,D,52,0,2,2,-8,199,0,0,0,0,2,0,0,17,0.0,,,
Ken Priestlay,21,BUF,C,15,2,0,2,-8,2,2,0,0,0,0,0,0,20,10.0,,,
Mark Recchi,20,PIT,RW,15,1,1,2,-2,0,1,0,0,0,1,0,0,11,9.1,,,
Mark Reeds,29,HAR,RW,7,0,2,2,-1,6,0,0,0,0,2,0,0,6,0.0,,,
Steve Richmond,29,LAK,D,9,0,2,2,2,26,0,0,0,0,2,0,0,1,0.0,,,
Magnus Roupé,25,PHI,LW,7,1,1,2,1,10,1,0,0,0,1,0,0,15,6.7,,,
Terry Ruskowski,34,MNS,C,3,1,1,2,1,2,1,0,0,0,1,0,0,2,50.0,,,
Greg Stefan,27,DET,G,46,0,2,2,0,41,0,0,0,0,,,,0,,2498:31,,
Allan Stewart,25,NJD,LW,6,0,2,2,-2,15,0,0,0,0,2,0,0,4,0.0,,,
Jim Thomson,23,2TM,RW,19,2,0,2,-6,67,2,0,0,0,0,0,0,12,16.7,,,
Jim Thomson,23,WSH,RW,14,2,0,2,-3,53,2,0,0,0,0,0,0,9,22.2,,,
Jim Thomson,23,HAR,RW,5,0,0,0,-3,14,0,0,0,0,0,0,0,3,0.0,,,
John Vanbiesbrouck,25,NYR,G,56,0,2,2,0,30,0,0,0,0,,,,0,,3207:26,,"ASnhl-10,Vezina-4"
Jim Vesey,23,STL,C,5,1,1,2,-1,7,1,0,0,0,1,0,0,5,20.0,,,
Mike Walsh,26,NYI,LW,13,2,0,2,-7,4,2,0,0,1,0,0,0,11,18.2,,,
Kay Whitmore,21,HAR,G,3,0,2,2,0,0,0,0,0,0,,,,0,,180:00,,
Wendell Young,25,PIT,G,22,0,2,2,0,4,0,0,0,0,,,,0,,1150:18,,
Mark Fitzpatrick,20,2TM,G,28,0,2,2,0,4,0,0,0,0,,,,0,,1583:52,,
Mark Fitzpatrick,20,LAK,G,17,0,1,1,0,2,0,0,0,0,,,,0,,957:19,,
Mark Fitzpatrick,20,NYI,G,11,0,1,1,0,2,0,0,0,0,,,,0,,626:33,,
Scot Kleinendorst,29,2TM,D,27,0,2,2,-11,46,0,0,0,0,2,0,0,7,0.0,,,
Scot Kleinendorst,29,HAR,D,24,0,1,1,-11,36,0,0,0,0,1,0,0,7,0.0,,,
Scot Kleinendorst,29,WSH,D,3,0,1,1,0,10,0,0,0,0,1,0,0,0,,,,
Mikael Andersson,22,BUF,LW,14,0,1,1,-1,4,0,0,0,0,1,0,0,12,0.0,,,
Tim Armstrong,21,TOR,C,11,1,0,1,-2,6,1,0,0,0,0,0,0,5,20.0,,,
Ed Belfour,23,CHI,G,23,0,1,1,0,6,0,0,0,0,,,,0,,1147:54,,
Mike Blaisdell,29,TOR,RW,9,1,0,1,-5,4,1,0,0,0,0,0,0,8,12.5,,,
Randy Boyd,27,VAN,D,2,0,1,1,-1,0,0,0,0,0,0,1,0,6,0.0,,,
Benoît Brunet,20,MTL,LW,2,0,1,1,0,0,0,0,0,0,1,0,0,1,0.0,,,
Kent Carlson,27,WSH,D,2,1,0,1,2,0,1,0,0,0,0,0,0,1,100.0,,,
Jon Casey,26,MNS,G,55,0,1,1,0,10,0,0,0,0,,,,0,,2960:36,,ASnhl-9
Shane Churla,23,2TM,RW,18,1,0,1,-3,79,1,0,0,0,0,0,0,8,12.5,,,
Shane Churla,23,CGY,RW,5,0,0,0,-3,25,0,0,0,0,0,0,0,2,0.0,,,
Shane Churla,23,MNS,RW,13,1,0,1,0,54,1,0,0,0,0,0,0,6,16.7,,,
Chris Cichocki,25,NJD,RW,2,0,1,1,0,2,0,0,0,0,1,0,0,2,0.0,,,
Rob DiMaio,20,NYI,C,16,1,0,1,-6,30,1,0,0,1,0,0,0,16,6.3,,,
Robert Dirk,22,STL,D,9,0,1,1,-3,11,0,0,0,0,1,0,0,7,0.0,,,
Brian Dobbin,22,PHI,RW,14,0,1,1,-6,8,0,0,0,0,1,0,0,13,0.0,,,
Donald Dufresne,21,MTL,D,13,0,1,1,3,43,0,0,0,0,1,0,0,5,0.0,,,
Richie Dunn,31,BUF,D,4,0,1,1,-1,2,0,0,0,0,0,1,0,2,0.0,,,
David Fenyves,28,PHI,D,1,0,1,1,0,0,0,0,0,0,1,0,0,0,,,,
Mark Freer,20,PHI,C,5,0,1,1,0,0,0,0,0,0,1,0,0,1,0.0,,,
Bob Froese,30,NYR,G,30,0,1,1,0,6,0,0,0,0,,,,0,,1621:04,,
Grant Fuhr,26,EDM,G,59,0,1,1,0,6,0,0,0,0,,,,0,,3340:34,,"ASG,ASnhl-8,Vezina-5"
Brian Glynn,21,CGY,D,9,0,1,1,1,19,0,0,0,0,1,0,0,4,0.0,,,
Steve Guenette,23,PIT,G,11,0,1,1,0,0,0,0,0,0,,,,0,,573:53,,
Jeff Hackett,20,NYI,G,13,0,1,1,0,2,0,0,0,0,,,,0,,661:36,,
Bob Halkidis,22,BUF,D,16,0,1,1,-1,66,0,0,0,0,1,0,0,9,0.0,,,
Gilles Hamel,28,2TM,LW,12,0,1,1,-3,2,0,0,0,0,1,0,0,11,0.0,,,
Gilles Hamel,28,WIN,LW,1,0,0,0,0,0,0,0,0,0,0,0,0,0,,,,
Gilles Hamel,28,LAK,LW,11,0,1,1,-3,2,0,0,0,0,1,0,0,11,0.0,,,
Glen Hanlon,31,DET,G,39,0,1,1,0,12,0,0,0,0,,,,0,,2091:52,,
Glenn Healy,26,LAK,G,48,0,1,1,0,28,0,0,0,0,,,,0,,2699:17,,
Miloslav Hořava,27,NYR,D,6,0,1,1,-2,0,0,0,0,0,0,1,0,7,0.0,,,
Tony Joseph,19,WIN,RW,2,1,0,1,1,0,1,0,0,0,0,0,0,4,25.0,,,
Gord Kluzak,24,BOS,D,3,0,1,1,-2,2,0,0,0,0,1,0,0,4,0.0,,,
Guy Larose,21,WIN,C,3,0,1,1,-1,6,0,0,0,0,1,0,0,2,0.0,,,
Stéphan Lebeau,20,MTL,C,1,0,1,1,1,2,0,0,0,0,1,0,0,1,0.0,,,
John LeBlanc,25,EDM,LW,2,1,0,1,0,0,1,0,0,0,0,0,0,5,20.0,,,
Moe Lemay,26,2TM,LW,22,1,0,1,-8,37,1,0,0,0,0,0,0,21,4.8,,,
Moe Lemay,26,BOS,LW,12,0,0,0,-5,23,0,0,0,0,0,0,0,6,0.0,,,
Moe Lemay,26,WIN,LW,10,1,0,1,-3,14,1,0,0,0,0,0,0,15,6.7,,,
Réjean Lemelin,34,BOS,G,40,0,1,1,0,6,0,0,0,0,,,,0,,2392:27,,"ASG,ASnhl-10,Vezina-7"
Jocelyn Lemieux,21,MTL,RW,1,0,1,1,-1,0,0,0,0,0,1,0,0,0,,,,
Rick Lessard,21,CGY,D,6,0,1,1,-2,2,0,0,0,0,1,0,0,0,,,,
Steve Ludzik,27,CHI,C,6,1,0,1,0,8,1,0,0,0,0,0,0,7,14.3,,,
Clint Malarchuk,27,2TM,G,49,0,1,1,0,18,0,0,0,0,,,,0,,2753:25,,
Clint Malarchuk,27,WSH,G,42,0,1,1,0,16,0,0,0,0,,,,0,,2427:40,,
Clint Malarchuk,27,BUF,G,7,0,0,0,0,2,0,0,0,0,,,,0,,325:45,,
Steve Martinson,29,MTL,LW,25,1,0,1,-1,87,1,0,0,1,0,0,0,8,12.5,,,
Dennis Maruk,33,MNS,C,6,0,1,1,0,2,0,0,0,0,1,0,0,6,0.0,,,
Bob Mason,27,QUE,G,22,0,1,1,0,2,0,0,0,0,,,,0,,1168:22,,
Alan May,24,EDM,RW,3,1,0,1,0,7,1,0,0,1,0,0,0,3,33.3,,,
Hubie McDonough,25,LAK,C,4,0,1,1,2,0,0,0,0,0,1,0,0,3,0.0,,,
Sean McKenna,26,TOR,RW,3,0,1,1,-1,0,0,0,0,0,1,0,0,1,0.0,,,
Kirk McLean,22,VAN,G,42,0,1,1,0,6,0,0,0,0,,,,0,,2476:59,,"ASnhl-5,Vezina-3"
George McPhee,30,NJD,LW,1,0,1,1,1,2,0,0,0,0,1,0,0,0,,,,
Mitch Messier,23,MNS,C,3,0,1,1,-1,0,0,0,0,0,1,0,0,3,0.0,,,
John Mokosak,25,DET,D,8,0,1,1,0,14,0,0,0,0,1,0,0,0,,,,
Andy Moog,28,BOS,G,41,0,1,1,0,6,0,0,0,0,,,,0,,2481:57,,
Rob Murphy,19,VAN,LW,8,0,1,1,-1,2,0,0,0,0,1,0,0,10,0.0,,,
Don Nachbaur,30,PHI,C,15,1,0,1,-1,37,1,0,0,0,0,0,0,10,10.0,,,
Janne Ojanen,20,NJD,C,3,0,1,1,-1,2,0,0,0,0,1,0,0,1,0.0,,,
Joe Paterson,28,NYR,LW,20,0,1,1,-3,84,0,0,0,0,1,0,0,8,0.0,,,
Scott Pearson,19,TOR,LW,9,0,1,1,0,2,0,0,0,0,1,0,0,6,0.0,,,
Pete Peeters,31,WSH,G,33,0,1,1,0,8,0,0,0,0,,,,0,,1853:57,,"ASnhl-4,Vezina-11"
Ray Podloski,23,BOS,C,8,0,1,1,-1,17,0,0,0,0,1,0,0,3,0.0,,,
Stéphane Quintal,20,BOS,D,26,0,1,1,-5,29,0,0,0,0,0,1,0,23,0.0,,,
Pokey Reddick,24,WIN,G,41,0,1,1,0,6,0,0,0,0,,,,0,,2108:52,,
Vincent Riendeau,22,STL,G,32,0,1,1,0,4,0,0,0,0,,,,0,,1842:24,,
Ken Sabourin,22,CGY,D,6,0,1,1,3,26,0,0,0,0,1,0,0,2,0.0,,,
Glen Seabrooke,21,PHI,C,3,0,1,1,-1,0,0,0,0,0,1,0,0,0,,,,
Brad Shaw,24,HAR,D,3,1,0,1,1,0,0,1,0,0,0,0,0,2,50.0,,,
Greg Smyth,22,QUE,D,10,0,1,1,-9,70,0,0,0,0,1,0,0,3,0.0,,,
Mike Stapleton,22,CHI,C,7,0,1,1,-1,7,0,0,0,0,1,0,0,6,0.0,,,
Ronnie Stern,22,VAN,RW,17,1,0,1,-6,49,1,0,0,0,0,0,0,13,7.7,,,
Mike Stevens,23,NYI,LW,9,1,0,1,-1,14,1,0,0,0,0,0,0,9,11.1,,,
Phil Sykes,29,LAK,LW,23,0,1,1,-3,8,0,0,0,0,1,0,0,5,0.0,,,
Jari Torkki,23,CHI,LW,4,1,0,1,-2,0,0,1,0,0,0,0,0,2,50.0,,,
Gord Walker,23,LAK,RW,11,1,0,1,-2,2,1,0,0,0,0,0,0,13,7.7,,,
Rick Wamsley,29,CGY,G,35,0,1,1,0,8,0,0,0,0,,,,0,,1926:54,,
Michael Ware,21,EDM,RW,2,0,1,1,1,11,0,0,0,0,1,0,0,0,,,,
Bill Watson,24,CHI,RW,3,0,1,1,0,4,0,0,0,0,0,1,0,2,0.0,,,
Simon Wheeldon,22,NYR,C,6,0,1,1,-1,2,0,0,0,0,1,0,0,2,0.0,,,
Ken Yaremchuk,25,TOR,C,11,1,0,1,-5,2,1,0,0,0,0,0,0,13,7.7,,,
Joel Baillargeon,24,QUE,LW,5,0,0,0,-3,4,0,0,0,0,0,0,0,2,0.0,,,
Don Beaupre,27,2TM,G,12,0,0,0,0,6,0,0,0,0,,,,0,,637:36,,
Don Beaupre,27,MNS,G,1,0,0,0,0,0,0,0,0,0,,,,0,,59:27,,
Don Beaupre,27,WSH,G,11,0,0,0,0,6,0,0,0,0,,,,0,,578:09,,
Paul Beraldo,21,BOS,RW,7,0,0,0,-2,4,0,0,0,0,0,0,0,1,0.0,,,
Mike Berger,21,MNS,D,1,0,0,0,-1,2,0,0,0,0,0,0,0,0,,,,
Daniel Berthiaume,23,WIN,G,9,0,0,0,0,0,0,0,0,0,,,,0,,443:15,,
Craig Billington,22,NJD,G,3,0,0,0,0,0,0,0,0,0,,,,0,,139:38,,
Jeff Bloemberg,21,NYR,D,9,0,0,0,2,0,0,0,0,0,0,0,0,9,0.0,,,
John Blum,29,DET,D,6,0,0,0,-2,8,0,0,0,0,0,0,0,3,0.0,,,
Tim Bothwell,33,STL,D,22,0,0,0,4,14,0,0,0,0,0,0,0,10,0.0,,,
Paul Boutilier,25,WIN,D,3,0,0,0,2,4,0,0,0,0,0,0,0,4,0.0,,,
Darren Boyko,25,WIN,C,1,0,0,0,-1,0,0,0,0,0,0,0,0,0,,,,
Stéphane Brochu,21,NYR,D,1,0,0,0,1,0,0,0,0,0,0,0,0,1,0.0,,,
Jeff Brubaker,30,DET,LW,1,0,0,0,0,0,0,0,0,0,0,0,0,0,,,,
Mario Brunetta,22,QUE,G,5,0,0,0,0,0,0,0,0,0,,,,0,,226:18,,
Adam Burt,20,HAR,D,5,0,0,0,-1,6,0,0,0,0,0,0,0,1,0.0,,,
Rich Chernomaz,25,CGY,RW,1,0,0,0,-1,0,0,0,0,0,0,0,0,2,0.0,,,
Tim Cheveldae,20,DET,G,2,0,0,0,0,0,0,0,0,0,,,,0,,121:45,,
Dean Chynoweth,20,NYI,D,6,0,0,0,-4,48,0,0,0,0,0,0,0,0,,,,
Chris Clifford,22,CHI,G,1,0,0,0,0,0,0,0,0,0,,,,0,,4:10,,
Glen Cochrane,31,2TM,D,18,0,0,0,-3,65,0,0,0,0,0,0,0,4,0.0,,,
Glen Cochrane,31,CHI,D,6,0,0,0,-1,13,0,0,0,0,0,0,0,1,0.0,,,
Glen Cochrane,31,EDM,D,12,0,0,0,-2,52,0,0,0,0,0,0,0,3,0.0,,,
Shawn Cronin,25,WSH,D,1,0,0,0,0,0,0,0,0,0,0,0,0,0,,,,
Paul Cyr,25,NYR,LW,1,0,0,0,0,2,0,0,0,0,0,0,0,0,,,,
Marc D'Amour,27,PHI,G,1,0,0,0,0,0,0,0,0,0,,,,0,,19:19,,
Marty Dallman,25,TOR,C,4,0,0,0,0,0,0,0,0,0,0,0,0,2,0.0,,,
Rod Dallman,22,NYI,LW,1,0,0,0,-1,15,0,0,0,0,0,0,0,1,0.0,,,
Tom Draper,22,WIN,G,2,0,0,0,0,0,0,0,0,0,,,,0,,120:00,,
Dale Dunbar,27,BOS,D,1,0,0,0,0,0,0,0,0,0,0,0,0,2,0.0,,,
Craig Duncanson,21,LAK,LW,5,0,0,0,-1,0,0,0,0,0,0,0,0,1,0.0,,,
Darren Eliot,27,BUF,G,2,0,0,0,0,0,0,0,0,0,,,,0,,67:03,,
Bob Essensa,24,WIN,G,20,0,0,0,0,2,0,0,0,0,,,,0,,1101:59,,
Randy Exelby,23,MTL,G,1,0,0,0,0,0,0,0,0,0,,,,0,,2:55,,
Mark Ferner,23,BUF,D,2,0,0,0,-2,2,0,0,0,0,0,0,0,0,,,,
Jeff Finley,21,NYI,D,4,0,0,0,1,6,0,0,0,0,0,0,0,1,0.0,,,
Steven Fletcher,26,WIN,LW,3,0,0,0,-1,5,0,0,0,0,0,0,0,1,0.0,,,
Todd Flichel,24,WIN,D,1,0,0,0,-1,0,0,0,0,0,0,0,0,1,0.0,,,
Ron Flockhart,28,BOS,C,4,0,0,0,-3,0,0,0,0,0,0,0,0,3,0.0,,,
Corey Foster,19,NJD,D,2,0,0,0,-2,0,0,0,0,0,0,0,0,2,0.0,,,
Nick Fotiu,36,EDM,LW,1,0,0,0,1,0,0,0,0,0,0,0,0,0,,,,
Troy Gamble,21,VAN,G,5,0,0,0,0,0,0,0,0,0,,,,0,,302:00,,
Perry Ganchar,25,PIT,RW,3,0,0,0,-3,0,0,0,0,0,0,0,0,3,0.0,,,
Stu Grimson,23,CGY,LW,1,0,0,0,0,5,0,0,0,0,0,0,0,0,,,,
Jeff Harding,19,PHI,RW,6,0,0,0,1,29,0,0,0,0,0,0,0,11,0.0,,,
Todd Hawkins,22,VAN,LW,4,0,0,0,-1,9,0,0,0,0,0,0,0,2,0.0,,,
Brian Hayward,28,MTL,G,36,0,0,0,0,10,0,0,0,0,,,,0,,2091:27,,"ASnhl-10,Jennings-1,Vezina-7"
Matt Hervey,20,WIN,D,2,0,0,0,2,4,0,0,0,0,0,0,0,1,0.0,,,
Jim Hofford,24,LAK,D,1,0,0,0,2,2,0,0,0,0,0,0,0,0,,,,
Miroslav Ihnačák,26,DET,LW,1,0,0,0,0,0,0,0,0,0,0,0,0,1,0.0,,,
Kim Issel,21,EDM,RW,4,0,0,0,-1,0,0,0,0,0,0,0,0,1,0.0,,,
Bob Janecyk,31,LAK,G,1,0,0,0,0,0,0,0,0,0,,,,0,,29:55,,
Mark Janssens,20,NYR,C,5,0,0,0,-4,0,0,0,0,0,0,0,0,4,0.0,,,
Paul Jerrard,23,MNS,RW,5,0,0,0,1,4,0,0,0,0,0,0,0,8,0.0,,,
Trent Kaese,21,BUF,RW,1,0,0,0,0,0,0,0,0,0,0,0,0,5,0.0,,,
Kevin Kaminski,19,MNS,C,1,0,0,0,0,0,0,0,0,0,0,0,0,0,,,,
Ian Kidd,24,VAN,D,1,0,0,0,-1,0,0,0,0,0,0,0,0,0,,,,
James Latos,23,NYR,RW,1,0,0,0,-1,0,0,0,0,0,0,0,0,0,,,,
Peter Laviolette,24,NYR,D,12,0,0,0,2,6,0,0,0,0,0,0,0,2,0.0,,,
Dominic Lavoie,21,STL,D,1,0,0,0,2,0,0,0,0,0,0,0,0,1,0.0,,,
Paul Lawless,24,TOR,LW,7,0,0,0,-2,0,0,0,0,0,0,0,0,11,0.0,,,
François Leroux,18,EDM,D,2,0,0,0,1,0,0,0,0,0,0,0,0,0,,,,
Mike Liut,33,HAR,G,35,0,0,0,0,0,0,0,0,0,,,,0,,2006:06,,
Robert Logan,24,LAK,RW,4,0,0,0,0,0,0,0,0,0,0,0,0,0,,,,
Jacques Mailhot,27,QUE,LW,5,0,0,0,0,33,0,0,0,0,0,0,0,0,,,,
Bryan Marchment,19,WIN,D,2,0,0,0,0,2,0,0,0,0,0,0,0,1,0.0,,,
Jay Mazur,24,VAN,C,1,0,0,0,0,0,0,0,0,0,0,0,0,0,,,,
Mike McHugh,23,MNS,LW,3,0,0,0,-1,2,0,0,0,0,0,0,0,1,0.0,,,
Randy McKay,22,DET,RW,3,0,0,0,-1,0,0,0,0,0,0,0,0,2,0.0,,,
Chris McRae,23,TOR,LW,3,0,0,0,0,12,0,0,0,0,0,0,0,0,,,,
Roland Melanson,28,LAK,G,4,0,0,0,0,4,0,0,0,0,,,,0,,177:42,,
Greg Millen,31,STL,G,52,0,0,0,0,4,0,0,0,0,,,,0,,3018:51,,"ASnhl-3,Vezina-5"
Brad Miller,19,BUF,D,7,0,0,0,-1,6,0,0,0,0,0,0,0,0,,,,
Carl Mokosak,26,BOS,LW,7,0,0,0,-2,31,0,0,0,0,0,0,0,3,0.0,,,
Jayson More,20,NYR,D,1,0,0,0,-1,0,0,0,0,0,0,0,0,0,,,,
Jarmo Myllys,23,MNS,G,6,0,0,0,0,0,0,0,0,0,,,,0,,237:42,,
Selmar Odelein,22,EDM,D,2,0,0,0,-1,2,0,0,0,0,0,0,0,0,,,,
Dave Pasin,22,LAK,RW,5,0,0,0,-1,0,0,0,0,0,0,0,0,2,0.0,,,
Kent Paynter,23,CHI,D,1,0,0,0,-1,2,0,0,0,0,0,0,0,0,,,,
Frank Pietrangelo,24,PIT,G,15,0,0,0,0,2,0,0,0,0,,,,0,,669:20,,
Jim Playfair,24,CHI,D,7,0,0,0,1,28,0,0,0,0,0,0,0,1,0.0,,,
Sergei Priakin,25,CGY,RW,2,0,0,0,1,2,0,0,0,0,0,0,0,2,0.0,,,
Chris Pryor,28,NYI,D,7,0,0,0,-6,25,0,0,0,0,0,0,0,2,0.0,,,
Bill Ranford,22,EDM,G,29,0,0,0,0,2,0,0,0,0,,,,0,,1509:09,,
Paul Ranheim,23,CGY,LW,5,0,0,0,-3,0,0,0,0,0,0,0,0,4,0.0,,,
Jeff Reese,22,TOR,G,10,0,0,0,0,4,0,0,0,0,,,,0,,486:06,,
Dave Reierson,24,CGY,D,2,0,0,0,1,2,0,0,0,0,0,0,0,1,0.0,,,
Jeff Rohlicek,23,VAN,C,2,0,0,0,0,4,0,0,0,0,0,0,0,2,0.0,,,
Mike Rucinski,25,CHI,C,1,0,0,0,0,0,0,0,0,0,0,0,0,0,,,,
Warren Rychel,21,CHI,LW,2,0,0,0,-1,17,0,0,0,0,0,0,0,3,0.0,,,
Bob Sauvé,33,NJD,G,15,0,0,0,0,0,0,0,0,0,,,,0,,720:45,,
Darrin Shannon,19,BUF,LW,3,0,0,0,-2,0,0,0,0,0,0,0,0,0,,,,
Scott Shaunessy,25,QUE,D,4,0,0,0,0,16,0,0,0,0,0,0,0,0,,,,
Doug Shedden,27,TOR,C,1,0,0,0,-1,2,0,0,0,0,0,0,0,2,0.0,,,
Billy Smith,38,NYI,G,17,0,0,0,0,8,0,0,0,0,,,,0,,730:02,,
Steve Smith,25,BUF,D,3,0,0,0,0,0,0,0,0,0,0,0,0,2,0.0,,,
Sam St. Laurent,29,DET,G,4,0,0,0,0,0,0,0,0,0,,,,0,,141:07,,
Rick Tabaracci,20,PIT,G,1,0,0,0,0,2,0,0,0,0,,,,0,,33:05,,
Kari Takko,26,MNS,G,32,0,0,0,0,6,0,0,0,0,,,,0,,1603:16,,
Chris Terreri,24,NJD,G,8,0,0,0,0,2,0,0,0,0,,,,0,,401:49,,
Kevin Todd,20,NJD,C,1,0,0,0,-1,0,0,0,0,0,0,0,0,0,,,,
Allan Tuer,25,HAR,D,4,0,0,0,-2,23,0,0,0,0,0,0,0,0,,,,
Wayne Van Dorp,27,CHI,LW,8,0,0,0,1,28,0,0,0,0,0,0,0,4,0.0,,,
Jimmy Waite,19,CHI,G,11,0,0,0,0,0,0,0,0,0,,,,0,,494:18,,
Darcy Wakaluk,22,BUF,G,6,0,0,0,0,0,0,0,0,0,,,,0,,214:06,,
Steve Weeks,30,VAN,G,35,0,0,0,0,4,0,0,0,0,,,,0,,2056:07,,ASnhl-10
Eric Weinrich,22,NJD,D,2,0,0,0,-1,0,0,0,0,0,0,0,0,3,0.0,,,
Brian Wilks,22,LAK,C,2,0,0,0,0,2,0,0,0,0,0,0,0,2,0.0,,,
Terry Yake,20,HAR,C,2,0,0,0,1,0,0,0,0,0,0,0,0,0,,,,
Richard Zemlak,25,2TM,RW,34,0,0,0,-3,148,0,0,0,0,0,0,0,3,0.0,,,
Richard Zemlak,25,MNS,RW,3,0,0,0,1,13,0,0,0,0,0,0,0,1,0.0,,,
Richard Zemlak,25,PIT,RW,31,0,0,0,-4,135,0,0,0,0,0,0,0,2,0.0,,,
Rob Zettler,20,MNS,D,2,0,0,0,-1,0,0,0,0,0,0,0,0,0,,,,
League Average,,,,,,,,,,,,,,,,,,12.3,,,
